ID|Title|Year|Age|Rating|Category|Sub-Category|Netflix|Hulu|Prime Video|Disney+
1|Cars|2006|all|81/100|Aventura|Comedia|0|0|0|1
2|Cars 2|2011|all|74/100|Aventura|Comedia|0|0|0|1
3|Cars 3|2017|all|76/100|Aventura|Comedia|0|0|0|1
4|Toy Story|1995|all|88/100|Comedia|Fantasia|0|0|0|1
5|Toy Story 2|1999|all|84/100|Comedia|Fantasia|0|0|0|1
6|Toy Story 3|2010|all|86/100|Comedia|Fantasia|0|0|0|1
7|Toy Story Toons: Hawaiian Vacation|2011|all|64/100|Comedia|Fantasia|0|0|0|1
8|Toy Story 4|2019|all|82/100|Comedia|Fantasia|0|0|0|1
9|Home Alone|1990|7+|82/100|Navidad|Comedia|0|0|0|1
10|Home Alone 2: Lost in New York|1992|7+|77/100|Navidad|Comedia|0|0|0|1
11|Home Alone 3|1997|7+|62/100|Comedia|Comedia|0|0|0|1
12|Home Alone 4|2002|7+|24/100|Navidad|Comedia|0|0|0|1
13|Home Alone: The Holiday Heist|2012|7+|27/100|Navidad|Comedia|0|0|0|1
14|The Incredibles|2004|7+|86/100|Aventura|Accion|0|0|0|1
15|Incredibles 2|2018|7+|83/100|Aventura|Accion|0|0|0|1
16|Wreck-It Ralph|2012|7+|83/100|Aventura|Comedia|0|0|0|1
17|Ralph Breaks the Internet|2018|7+|79/100|Aventura|Comedia|0|0|0|1
18|Finding Nemo|2003|all|87/100|Aventura|Comedia|0|0|0|1
19|Finding Dory|2016|7+|81/100|Aventura|Comedia|0|0|0|1
20|Madagascar|2005|7+|61/100|Comedia|Aventura|0|0|0|1
21|Madagascar: Escape 2 Africa|2008|7+|74/100|Comedia|Aventura|0|0|0|1
22|Madagascar 3: Europe's Most Wanted|2012|7+|75/100|Comedia|Aventura|0|0|0|1
23|Penguins of Madagascar|2014|7+|72/100|Comedia|Aventura|0|0|0|1
24|Ice Age|2002|7+|82/100|Aventura|Comedia|0|1|0|0
25|Ice Age: The Meltdown|2006|7+|76/100|Aventura|Comedia|0|0|0|1
26|Ice Age: Dawn of the Dinosaurs|2009|7+|76/100|Aventura|Comedia|0|0|0|1
27|Ice Age: Continental Drift|2012|all|49/100|Aventura|Comedia|0|0|0|1
28|Ice Age: Collision Course|2016|all|69/100|Aventura|Comedia|0|0|0|1
29|Ice Age: The Great Egg-Scapade|2016|7+|59/100|Aventura|Comedia|0|0|0|1
30|The Ice Age: Adventures of Buck Wild|2022|all|27/100|Aventura|Comedia|0|0|0|1
31|Winnie the Pooh|2011|all|68/100|Aventura|Familia|0|0|0|1
32|Pooh's Grand Adventure: The Search for Christopher Robin|1997|all|59/100|Aventura|Familia|0|0|0|1
33|The Many Adventures of Winnie the Pooh|1977|all|88/100|Aventura|Familia|0|0|0|1
34|Winnie the Pooh: A Very Merry Pooh Year|2002|all|53/100|Navidad|Familia|0|0|0|1
35|Winnie the Pooh: Springtime with Roo|2004|all|56/100|Aventura|Familia|0|0|0|1
36|Pooh's Heffalump Movie|2005|all|75/100|Fantasia|Familia|0|0|0|1
37|Christopher Robin|2018|7+|75/100|Aventura|Familia|0|0|0|1
38|Dumbo|1941|all|75/100|Fantasia|Familia|0|0|1|1
39|Operation Dumbo Drop|1995|7+|56/100|Comedia|Familia|0|0|1|1
40|The Peanuts Movie|2015|all|72/100|Comedia|Familia|0|0|0|1
41|Snoopy Come Home|1972|all|59/100|Comedia|Familia|0|1|1|0
42|Rio|2011|all|77/100|Aventura|Comedia|0|0|1|1
43|Rio 2|2014|all|53/100|Aventura|Comedia|0|1|1|1
44|Bolt|2008|7+|76/100|Aventura|Comedia|0|0|0|1
45|Snow White and the seven dwarfs|1937|all|88/100|Princesas|Musical|0|0|1|1
46|Cinderella|1950|all|89/100|Princesas|Musical|0|0|1|1
47|Sleeping Beauty|1959|all|75/100|Princesas|Musical|0|0|1|1
48|The little mermaid|1989|all|90/100|Princesas|Musical|0|0|1|1
49|The Little Mermaid: Ariel's Beginning|2008|7+|63/100|Princesas|Musical|0|0|0|1
50|The Little Mermaid II: Return to the Sea|2000|7+|63/100|Princesas|Musical|0|0|0|1
51|The Little Mermaid Live!|2019|7+|53/100|Princesas|Musical|0|0|0|1
52|Beauty and the Beast|1991|all|93/100|Princesas|Musical|0|0|1|1
53|Beauty and the Beast: The Enchanted Christmas|1997|all|62/100|Princesas|Navidad|0|0|1|1
54|Aladdin|1992|all|84/100|Princesas|Musical|0|0|0|1
55|Pocahontas|1995|all|75/100|Aventura|Aventura|0|0|0|1
56|Mulan|1998|all|81/100|Princesas|Musical|0|0|1|1
57|Mulan II|2004|all|65/100|Princesas|Musical|0|0|1|1
58|Tinkerbell|2008|all|82/100|Princesas|Fantasia|0|0|1|1
59|The Princess and the Frog|2009|all|80/100|Princesas|Fantasia|0|0|1|1
60|Tangled|2010|7+|83/100|Princesas|Fantasia|0|0|0|1
61|Brave|2012|all|77/100|Princesas|Fantasia|0|0|1|1
62|Frozen|2013|7+|88/100|Princesas|Musical|0|0|1|1
63|Frozen 2|2019|7+|85/100|Princesas|Musical|0|0|1|1
64|Moana|2016|7+|83/100|Princesas|Musical|0|0|0|1
65|Raya and the Last Dragon|2021|7+|95/100|Princesas|Fantasia|0|0|1|1
66|The Incredible Hulk|2018|13+|68/100|Super Heroes|Aventura|0|0|0|1
67|Hulk: Where Monsters Dwell|2016|7+|51/100|Super Heroes|Aventura|1|0|0|0
68|Iron Man & Hulk: Heroes United|2013|7+|51/100|Super Heroes|Aventura|0|0|0|1
69|Iron Man|2008|13+|94/100|Super Heroes|Ciencia Ficcion|0|0|0|1
70|Iron Man 2|2010|13+|82/100|Super Heroes|Ciencia Ficcion|0|0|0|1
71|Iron Man 3|2013|13+|83/100|Super Heroes|Ciencia Ficcion|0|0|0|1
72|Iron Man & Captain America: Heroes United|2014|7+|53/100|Super Heroes|Ciencia Ficcion|0|0|0|1
73|Captain America: The First Avenger|2011|13+|82/100|Super Heroes|Aventura|0|0|0|1
74|Captain America: The Winter Soldier|2014|13+|86/100|Super Heroes|Aventura|0|0|0|1
75|Captain America: Civil War|2016|13+|86/100|Super Heroes|Aventura|0|0|0|1
76|Ant-Man|2015|13+|84/100|Super Heroes|Aventura|0|0|0|1
77|Ant-Man and the Wasp|2018|13+|81/100|Super Heroes|Aventura|0|0|0|1
78|Ant-Man and the Wasp: Quantumania|2023|13+|64/100|Super Heroes|Ciencia Ficcion|0|0|1|1
79|Thor|2011|13+|82/100|Super Heroes|Fantasia|0|0|0|1
80|Thor: The Dark World|2013|13+|81/100|Super Heroes|Accion|0|0|0|1
81|Thor: Ragnarok|2017|13+|86/100|Super Heroes|Accion|0|0|0|1
82|Thor: Love and Thunder|2022|13+|70/100|Super Heroes|Comedia|0|0|1|1
83|Doctor Strange|2016|13+|85/100|Super Heroes|Fantasia|0|0|0|1
84|Doctor Strange in the Multiverse of Madness|2022|13+|79/100|Super Heroes|Fantasia|0|0|0|1
85|Guardians of the Galaxy|2014|13+|89/100|Super Heroes|Ciencia Ficcion|0|0|0|1
86|Guardians of the Galaxy Vol. 2|2017|13+|85/100|Super Heroes|Ciencia Ficcion|0|0|0|1
87|Guardians of the Galaxy Vol. 3|2023|13+|88/100|Super Heroes|Ciencia Ficcion|0|0|0|1
88|Spider-man|2002|13+|79/100|Super Heroes|Accion|1|0|1|1
89|Spider-man 2|2004|13+|88/100|Super Heroes|Accion|1|0|1|1
90|Spider-man 3|2007|13+|57/100|Super Heroes|Accion|1|0|1|1
91|The amazing Spider-man|2012|13+|74/100|Super Heroes|Accion|1|0|1|1
92|The amazing Spider-man 2|2014|13+|58/100|Super Heroes|Accion|1|0|1|1
93|Spider-man: Homecoming|2017|13+|90/100|Super Heroes|Accion|1|0|1|1
94|Spider-man: Far from home|2019|13+|93/100|Super Heroes|Accion|0|0|1|1
95|Spider-man: No way home|2022|13+|96/100|Super Heroes|Accion|0|0|1|1
96|Venom|2018|13+|55/100|Super Heroes|Ciencia Ficcion|0|0|1|0
97|Venom: Let there be carnage|2021|13+|71/100|Super Heroes|Comedia|0|0|1|0
98|Black Panther|2018|13+|84/100|Super Heroes|Accion|0|0|1|1
99|Black Panther: Wakanda Forever|2022|13+|89/100|Super Heroes|Fantasia|0|0|1|1
100|Captain Marvel|2019|13+|62/100|Super Heroes|Ciencia Ficcion|0|0|0|1
101|Eternals|2021|13+|62/100|Super Heroes|Ciencia Ficcion|0|0|1|1
102|Shang-chi and The Legend of The Ten Rings|2021|13+|95/100|Super Heroes|Fantasia|0|0|1|1
103|Black Widow|2021|13+|85/100|Super Heroes|Accion|0|0|1|1
104|Dead Pool|2016|18+|88/100|Super Heroes|Comedia|0|0|1|1
105|Dead Pool 2|2018|18+|85/100|Super Heroes|Comedia|0|0|1|1
106|Thomas & Friends: Songs from the Station|2005|all|41/100|Musical|Familia|0|1|0|0
107|Thomas & Friends: King of the Railway|2013|all|48/100|Aventura|Familia|0|0|1|0
108|Thomas & Friends: Full Steam To The Rescue!|2016|all|40/100|Aventura|Familia|1|0|0|0
109|Thomas & Friends: Big World! Big Adventures! The Movie|2018|all|36/100|Aventura|Familia|0|0|1|0
110|Thomas & Friends: Mines of Mystery|2019|all|28/100|Aventura|Familia|1|0|0|0
111|Thomas & Friends: All Tracks Lead to Rome|2019|all|27/100|Aventura|Familia|1|0|0|0
112|Thomas & Friends: Marvelous Machinery: A New Arrival|2020|all|10/100|Aventura|Familia|1|0|0|0
113|Thomas& Friends: The Royal Engine|2020|all|33/100|Aventura|Familia|1|0|0|0
114|Inside Out|2015|7+|94/100|Comedia|Fantasia|0|0|1|1
115|The Good Dinosaur|2015|7+|75/100|Aventura|Fantasia|0|0|0|1
116|Zootopia|2016|7+|95/100|Comedia|Fantasia|0|0|1|1
117|Coco|2017|7+|96/100|Musical|Fantasia|0|0|1|1
118|Luca|2021|7+|82/100|Comedia|Fantasia|0|0|0|1
119|Elemental|2023|all|84/100|Comedia|Fantasia|0|0|1|1
120|The Nightmare Before Christmas|1993|7+|83/100|Halloween|Navidad|0|0|0|1
121|High School|2010|18+|56/100|Comedia||1|0|0|0
122|High School Musical|2006|all|68/100|Musical||0|0|0|1
123|High School Musical 2|2007|all|65/100|Musical||0|0|0|1
124|High School Musical 3: Senior Year|2008|all|64/100|Musical||0|0|0|1
125|High School Musical: The Musical: The Series: The Special|2019|all|49/100|Musical||0|0|0|1
126|High School Musical: The Musical: The Holiday Special|2020|all|45/100|Musical|Navidad|0|0|0|1
127|Despicable Me |2010|7+|82/100|Comedia|Aventura|1|0|1|0
128|Despicable Me 2|2013|7+|80/100|Comedia|Aventura|1|0|1|0
129|Despicable Me 3|2017|7+|56/100|Comedia|Aventura|1|0|1|0
130|Minions|2015|7+|53/100|Comedia|Aventura|1|0|1|0
131|Minions: Rise of Gru|2022|7+|80/100|Comedia|Aventura|1|0|1|0
132|Up|2009|7+|94/100|Comedia|Aventura|0|0|1|1
133|Wall-E|2008|7+|97/100|Aventura|Ciencia Ficcion|0|0|1|1
134|Coraline|2009|7+|82/100|Fantasia|Misterio|0|0|1|0
135|Cloudy with a chance of meatballs|2009|7+|79/100|Comedia|Fantasia|0|0|1|0
136|Cloudy with a chance of meatballs 2|2013|7+|69/100|Comedia|Fantasia|0|0|1|0
137|Turbo|2013|7+|67/100|Aventura|Fantasia|0|0|1|0
138|The Secret Life of Pets|2016|7+|67/100|Comedia|Aventura|0|0|1|0
139|The Secret Life of Pets 2|2019|7+|75/100|Comedia|Aventura|0|0|1|0
140|The Muppet Movie|1979|7+|88/100|Comedia|Familia|0|0|1|1
141|The Great Muppet Caper|1981|7+|78/100|Musical|Familia|0|0|1|1
142|The Muppets take Manhattan|1984|7+|80/100|Comedia|Familia|0|0|1|0
143|The Muppets Christmas Carol|1992|7+|82/100|Navidad|Familia|0|0|1|1
144|Muppet Treasure Island|1996|7+|74/100|Aventura|Familia|0|0|1|1
145|Muppets: From Space|1999|7+|61/100|Comedia|Familia|0|0|1|0
146|It's a Very Merry Muppet Christmas Movie|2002|7+|67/100|Navidad|Familia|0|0|1|0
147|The Muppets: Wizard of Oz|2005|7+|33/100|Fantasia|Familia|0|0|1|0
148|The Muppets|2011|7+|88/100|Comedia|Familia|0|0|1|1
149|Muppets: Most Wanted|2014|7+|70/100|Comedia|Aventura|0|0|1|1
150|Secrets of the King Cobra|2010|all|39/100|Documental|Animal|0|0|0|1
151|Viking Warrior Women|2019|all|39/100|Documental||0|0|0|1
152|Egypt's Treasure Guardians|2016|all|38/100|Documental||0|0|0|1
153|Born Wild: The Next Generation|2020|all|38/100|Documental|Animal|0|0|0|1
154|Chasing the Equinox|2019|all|38/100|Documental|Animal|0|0|0|1
155|Kingdom of the Apes|2014|7+|38/100|Documental|Animal|0|0|0|1
156|Giants of the Deep Blue|2017|7+|38/100|Documental|Animal|0|0|0|1
157|America's Greatest Animals|2012|all|38/100|Documental|Animal|0|0|0|1
158|Sea of Hope: America's Underwater Treasures|2017|all|38/100|Documental|Animal|0|0|0|1
159|Being the Queen|2020|13+|38/100|Documental||0|0|0|1
160|Winged Seduction: Birds of Paradise|2012|all|38/100|Documental|Animal|0|0|0|1
161|Man vs. Shark|2019|all|38/100|Documental|Animal|0|0|0|1
162|The Lost City of Machu Picchu|2019|13+|38/100|Documental||0|0|0|1
163|Tree Climbing Lions|2018|7+|38/100|Documental|Animal|0|0|0|1
164|Planet of the Birds|2018|all|37/100|Documental|Animal|0|0|0|1
165|The Undefeated Presents: Hamilton In-Depth|2020|all|37/100|Documental||0|0|0|1
166|Penguins: Life on the Edge|2020|all|37/100|Documental|Animal|0|0|0|1
167|Wild Portugal|2020|13+|37/100|Documental||0|0|0|1
168|Disney My Music Story: Perfume|2020|all|37/100|Documental||0|0|0|1
169|Great Shark Chow Down|2019|7+|14/100|Documental|Animal|0|0|0|1
170|In Beaver Valley|1950|all|14/100|Documental|Animal|0|0|0|1
171|Anastasia|1997|all|75/100|Musical|Familia|0|0|0|1
172|John Carter|2012|13+|75/100|Ciencia Ficcion|Accion|0|0|0|1
173|Willow|1988|7+|75/100|Fantasia|Accion|0|0|0|1
174|Arendelle Castle Yule Log|2019|all|38/100|Comedia||0|0|0|1
175|Richie Rich's Christmas Wish|1998|all|39/100|Navidad|Comedia|0|0|0|1
176|We Bought a Zoo|2011|7+|75/100|Comedia|Drama|0|0|0|1
177|The Aristocats|1970|all|75/100|Aventura|Familia|0|0|0|1
178|National Treasure: Book of Secrets|2007|7+|75/100|Accion|Aventura|0|0|0|1
179|Hocus Pocus|1993|7+|75/100|Comedia|Terror|0|0|0|1
180|Cool Runnings|1993|7+|75/100|Comedia|Drama|0|0|0|1
181|The Boy Who Talked to Badgers|1975|all|38/100|Aventura||0|0|0|1
182|Stargirl|2020|7+|74/100|Romance|Comedia|0|0|0|1
183|Eddie the Eagle|2016|13+|74/100|Biografia|Comedia|0|0|0|1
184|Atlantis: The Lost Empire|2001|7+|74/100|Ciencia Ficcion|Fantasia|0|0|0|1
185|The Book of Life|2014|7+|74/100|Comedia|Aventura|0|0|0|1
186|The Parent Trap|1998|7+|74/100|Comedia|Familia|0|0|0|1
187|Growing Fangs|2021|all|49/100|Drama||0|0|0|1
188|Young Black Stallion|2003|all|49/100|Aventura|Drama|0|0|1|1
189|Trailer Horn|1950|all|49/100|Comedia|Familia|0|0|0|1
190|How to Swim|1942|all|49/100|Comedia|Familia|0|0|0|1
191|Kazaam|1996|7+|49/100|Fantasia|Familia|0|0|0|1
192|Double Dribble|1946|all|49/100|Comedia|Familia|0|0|0|1
193|How to Play Football|1944|all|49/100|Comedia|Familia|0|0|0|1
194|The Christmas Chronicles|2018|7+|84/100|Navidad|Aventura|1|0|0|0
195|A Christmas Prince|2017|7+|72/100|Navidad|Romance|1|0|1|0
196|White Christmas|1954|all|71/100|Navidad|Musical|1|0|0|0
197|Four Christmases|2008|13+|67/100|Navidad|Romance|1|0|0|0
198|A Very Murray Christmas|2015|18+|66/100|Navidad|Comedia|1|0|0|0
199|The Christmas Chronicles: Part Two|2020|7+|64/100|Navidad|Aventura|1|0|0|0
200|Jingle Jangle: A Christmas Journey|2020|7+|63/100|Navidad|Musical|1|0|0|0
201|A Christmas Prince: The Royal Wedding|2018|7+|63/100|Navidad|Romance|1|0|0|0
202|Operation Christmas Drop|2020|all|62/100|Navidad|Romance|1|0|0|0
203|A Princess for Christmas|2011|7+|62/100|Navidad|Comedia|1|0|0|0
204|Christmas Inheritance|2017|all|62/100|Navidad|Romance|1|0|0|0
205|The Knight Before Christmas|2019|7+|60/100|Navidad|Comedia|1|0|0|0
206|El Camino Christmas|2017|18+|59/100|Navidad|Comedia|1|0|0|0
207|A Cinderella Story: Christmas Wish|2019|7+|57/100|Navidad|Fantasia|1|0|0|0
208|A California Christmas|2020|13+|57/100|Navidad||1|0|0|0
209|Angela's Christmas|2017|all|57/100|Navidad||1|0|0|0
210|Jeff Dunham's Very Special Christmas Special|2008|13+|56/100|Navidad|Comedia|1|0|1|0
211|A Christmas Prince: The Royal Baby|2019|all|56/100|Navidad||1|0|0|0
212|Christmas with a View|2018|7+|54/100|Navidad||1|0|0|0
213|Just Another Christmas|2020|all|53/100|Navidad||1|0|0|0
214|Dolly Parton's Christmas on the Square|2020|7+|53/100|Navidad||1|0|0|0
215|A Very Country Christmas|2017|all|52/100|Navidad|Comedia|1|0|0|0
216|A New York Christmas Wedding|2020|18+|52/100|Navidad|Comedia|1|0|0|0
217|Christmas Wedding Planner|2017|7+|52/100|Navidad||1|0|0|0
218|Free Rein: The Twelve Neighs of Christmas|2018|all|51/100|Navidad||1|0|0|0
219|Angela's Christmas Wish|2020|all|50/100|Navidad||1|0|0|0
220|Christmas Catch|2018|7+|49/100|Navidad||1|0|0|0
221|Surviving Christmas with the Relatives|2018|all|49/100|Navidad||1|0|0|0
222|Christmas with a Prince|2018|7+|49/100|Navidad||1|0|0|0
223|Christmas Break-In|2019|all|47/100|Navidad||1|0|0|0
224|A Trash Truck Christmas|2020|all|45/100|Navidad||1|0|0|0
225|48 Christmas Wishes|2017|all|45/100|Navidad||1|0|0|0
226|Christmas Crossfire|2020|all|44/100|Navidad||1|0|0|0
227|A StoryBots Christmas|2017|all|44/100|Navidad||1|0|0|0
228|A Family Reunion Christmas|2019|all|44/100|Navidad||1|0|0|0
229|Spirit Riding Free: Spirit of Christmas|2019|7+|43/100|Navidad||1|0|0|0
230|5 Star Christmas|2018|16+|42/100|Navidad|Comedia|1|0|0|0
231|Pettson and Findus: The Best Christmas Ever|2016|all|41/100|Navidad||1|0|0|0
232|Jack Whitehall: Christmas with my Father|2019|all|41/100|Navidad||1|0|0|0
233|The App That Stole Christmas|2020|7+|39/100|Navidad||1|0|0|0
234|The Christmas Trap|2017|7+|39/100|Navidad|Comedia|1|0|0|0
235|Luccas Neto in: The End of Christmas|2019|all|39/100|Navidad||1|0|0|0
236|A Go! Go! Cory Carson Christmas|2020|all|39/100|Navidad||1|0|0|0
237|Mariah Carey's Merriest Christmas|2015|all|38/100|Navidad||1|0|0|0
238|Super Monsters Save Christmas|2019|all|37/100|Navidad||1|0|0|0
239|Elf Pets: A Fox Cub's Christmas Tale|2019|all|37/100|Navidad||1|0|0|0
240|Prince of Peoria A Christmas Moose Miracle|2018|all|36/100|Navidad||1|0|0|0
241|5Gang: A Different Kind of Christmas|2019|all|36/100|Navidad||1|0|0|0
242|Puppy Star Christmas|2018|7+|35/100|Navidad|Comedia|1|0|0|0
243|Mighty Express: A Mighty Christmas|2020|all|35/100|Navidad|Comedia|1|0|0|0
244|Spookley and the Christmas Kittens|2019|all|34/100|Navidad|Comedia|1|0|0|0
245|An Unremarkable Christmas|2020|all|33/100|Navidad|Comedia|1|0|0|0
246|Rare Exports: A Christmas Tale|2010|18+|65/100|Navidad|Terror|0|1|0|0
247|The Man Who Invented Christmas|2017|7+|65/100|Navidad||0|1|0|0
248|A Christmas Movie Christmas|2019|all|50/100|Navidad||0|1|0|0
249|Curious George: A Very Monkey Christmas|2009|all|50/100|Navidad||0|1|0|0
250|Christmas on Holly Lane|2018|7+|48/100|Navidad||0|1|0|0
251|Christmas Perfection|2018|7+|47/100|Navidad||0|1|0|0
252|My Little Pony: A Very Minty Christmas|2005|all|43/100|Navidad|Familia|0|1|0|0
253|12 Pups of Christmas|2019|7+|43/100|Navidad|Familia|0|1|1|0
254|Christmas Crush|2019|all|42/100|Navidad|Romance|0|1|1|0
255|A Christmas Hero|2020|all|39/100|Navidad||0|1|0|0
256|Barney's Night Before Christmas|1999|all|35/100|Navidad||0|1|0|0
257|Surviving Christmas|2004|13+|60/100|Navidad||0|0|1|0
258|The Spirit of Christmas|2015|all|59/100|Navidad|Familia|0|0|1|0
259|A Bride for Christmas|2012|all|56/100|Navidad|Romance|0|0|1|0
260|A Prince for Christmas|2015|all|56/100|Navidad|Familia|0|0|1|0
261|Christmas Lodge|2011|all|56/100|Navidad|Familia|0|0|1|0
262|Angel of Christmas|2015|all|55/100|Navidad|Familia|0|0|1|0
263|A Christmas Kiss II|2014|all|54/100|Navidad|Familia|0|0|1|0
264|A Snow Capped Christmas|2016|all|52/100|Navidad|Familia|0|0|1|0
265|Back to Christmas|2014|7+|51/100|Navidad||0|0|1|0
266|Christmas in Mississippi|2017|7+|51/100|Navidad||0|0|1|0
267|The Christmas Candle|2013|7+|51/100|Navidad||0|0|1|0
268|Married by Christmas|2016|7+|51/100|Navidad||0|0|1|0
269|A Nutcracker Christmas|2016|all|51/100|Navidad|Familia|0|0|1|0
270|Christmas on the Bayou|2013|7+|51/100|Navidad||0|0|1|0
271|Mariah Carey's All I Want for Christmas Is You|2017|all|50/100|Navidad|Comedia|0|0|1|0
272|A Christmas Switch|2018|all|50/100|Navidad|Familia|0|0|1|0
273|Christmas Belle|2013|7+|50/100|Navidad||0|0|1|0
274|Crazy for Christmas|2005|7+|50/100|Navidad||0|0|1|0
275|Christmas Do-Over|2006|7+|49/100|Navidad||0|0|1|0
276|My Dad's Christmas Date|2020|all|49/100|Navidad|Familia|0|0|1|0
277|A Child's Christmas in Wales|1987|all|49/100|Navidad|Familia|0|0|1|0
278|A Christmas in Royal Fashion|2018|all|48/100|Navidad|Familia|0|0|1|0
279|A Husband for Christmas|2016|7+|47/100|Navidad||0|0|1|0
280|A Christmas Recipe for Romance|2019|all|46/100|Navidad|Romance|0|0|1|0
281|Girlfriends of Christmas Past|2016|all|45/100|Navidad|Romance|0|0|1|0
282|12 Dog Days Till Christmas|2014|all|45/100|Navidad|Familia|0|0|1|0
283|A Christmas Princess|2019|7+|45/100|Navidad||0|0|1|0
284|Shoelaces for Christmas|2018|7+|45/100|Navidad||0|0|1|0
285|Alone for Christmas|2013|all|44/100|Navidad|Familia|0|0|1|0
286|Rock N' Roll Christmas|2019|7+|44/100|Navidad||0|0|1|0
287|The Night Before Christmas|1994|all|44/100|Navidad|Familia|0|0|1|0
288|The Cat in the Hat Knows a Lot About Christmas!|2012|all|44/100|Navidad|Familia|0|0|1|0
289|A Country Christmas|2013|7+|44/100|Navidad||0|0|1|0
290|The Christmas Elves|1995|all|42/100|Navidad|Familia|0|0|1|0
291|Snowbound for Christmas|2019|7+|42/100|Navidad||0|0|1|0
292|Christmas Coupon|2019|all|40/100|Navidad|Familia|0|0|1|0
293|A Christmas Village|2018|all|40/100|Navidad|Familia|0|0|1|0
294|The Christmas Ride|2020|all|39/100|Navidad|Familia|0|0|1|0
295|A New Husband for Christmas|2020|all|37/100|Navidad|Romance|0|0|1|0
296|Adventures in Odyssey: Electric Christmas|1994|all|37/100|Navidad|Familia|0|0|1|0
297|A Wonderful Christmas|2006|7+|37/100|Navidad||0|0|1|0
298|Elfette Saves Christmas|2019|all|36/100|Navidad|Familia|0|0|1|0
299|Mickey's Christmas Carol|1983|all|70/100|Navidad|Familia|0|0|0|1
300|Mickey's Once Upon a Christmas|1999|all|65/100|Navidad|Familia|0|0|0|1
301|One Magic Christmas|1985|all|64/100|Navidad|Familia|0|0|0|1
302|Mickey's Twice Upon a Christmas|2004|all|61/100|Navidad|Familia|0|0|0|1
303|12 Dates of Christmas|2011|7+|58/100|Navidad||0|0|0|1
304|Good Luck Charlie It's Christmas!|2011|all|58/100|Navidad|Familia|0|0|0|1
305|I'll Be Home for Christmas|1998|7+|58/100|Navidad||0|0|0|1
306|Pluto's Christmas Tree|1952|all|54/100|Navidad|Familia|0|0|0|1
307|Life-Size 2: A Christmas Eve|2018|16+|49/100|Navidad||0|0|0|1
308|The Ultimate Christmas Present|2000|all|48/100|Navidad|Familia|0|0|0|1
309|The Christmas Star|1986|all|45/100|Navidad|Familia|0|0|0|1
310|Hubie Halloween|2020|13+|63/100|Halloween||1|0|0|0
311|Super Monsters Save Halloween|2018|all|41/100|Halloween|Familia|1|0|0|0
312|A Go Go Cory Carson Halloween|2020|all|41/100|Halloween|Familia|1|0|0|0
313|Super Monsters: Vida's First Halloween|2019|all|37/100|Halloween|Familia|1|0|0|0
314|StarBeam: Halloween Hero|2020|all|35/100|Halloween|Familia|1|0|0|0
315|Halloween Party|2019|16+|48/100|Halloween||0|0|1|0
316|The Legend of Halloween Jack|2018|18+|44/100|Halloween|Terror|0|0|1|0
317|The Cat In The Hat Knows A Lot About Halloween!|2016|all|43/100|Halloween||0|0|1|0
318|Halloween Horror Tales|2018|all|37/100|Halloween||0|0|1|0
319|Halloween Bug-A-Boo!|2020|all|13/100|Halloween||0|0|1|0
320|Halloweentown|1998|all|66/100|Halloween||0|0|0|1
321|Halloweentown II: Kalabar's Revenge|2001|all|62/100|Halloween||0|0|0|1
322|Halloweentown High|2004|all|61/100|Halloween||0|0|0|1
323|Return to Halloweentown|2006|all|58/100|Halloween||0|0|0|1
324|Disney Channel Halloween House Party|2020|all|33/100|Halloween||0|0|0|1
325|Happy New Year|2014|all|61/100|Comedia|Accion|1|0|0|0
326|New Year New You|2017|all|37/100|Comedia||0|1|0|0
327|1/2 New Year|2019|all|34/100|Comedia|Drama|0|0|1|0
328|W. Kamau Bell: Private School Negro|2018|all|58/100|Stand Up||1|0|0|0
329|School Life|2019|18+|56/100|Drama||1|0|0|0
330|Back to School|2019|18+|49/100|Comedia||1|0|0|0
331|Notes from Dunblane: Lessons from a School Shooting|2018|all|47/100|Documental|Misterio|1|0|0|0
332|The Massively Mixed-Up Middle School Mystery|2015|all|44/100|Misterio||1|0|0|0
333|My Schoolmate the Barbarian|2001|18+|42/100|Accion||1|0|0|0
334|The School of Mischief|1973|all|42/100|Musical||1|0|0|0
335|Stunt School|2019|all|41/100|Comedia||1|0|0|0
336|The Magic School Bus Rides Again: Kids in Space|2020|all|40/100|Comedia|Familia|1|0|0|0
337|The Magic School Bus Rides Again in the Zone|2020|all|39/100|Comedia|Familia|1|0|0|0
338|The Magic School Bus Rides Again: The Frizz Connection|2020|all|36/100|Comedia|Familia|1|0|0|0
339|Super Monsters Back to School|2019|all|35/100|Comedia||1|0|0|0
340|Middle School: The Worst Years of My Life|2016|7+|62/100|Comedia||0|1|0|0
341|School Ties|1992|13+|66/100|Drama||0|0|1|0
342|School Daze|1988|18+|60/100|Musical||0|0|1|0
343|High School|2010|18+|38/100|Comedia||0|0|1|0
344|Boarding School|2018|18+|56/100|Terror||0|0|1|0
345|Marilyn Hotchkiss' Ballroom Dancing & Charm School|2005|13+|52/100|Romance||0|0|1|0
346|Summer School Teachers|1974|18+|44/100|Comedia||0|0|1|0
347|After School|1988|18+|0/100|Drama||0|0|1|0
348|School Spirits|2017|all|40/100|Fantasia||0|0|1|0
349|Tammy Pescatelli's Way After School Special|2020|18+|38/100|Comedia||0|0|1|0
350|Last Day of School|2016|18+|38/100|Comedia||0|0|1|0
351|To All the Boys I've Loved Before|2018|13+|94/100|Romance||1|0|0|0
352|A Secret Love|2020|18+|87/100|Romance|Drama|1|0|0|0
353|Love Actually|2003|18+|82/100|Romance|Comedia|1|0|0|0
354|They'll Love Me When I'm Dead|2018|18+|81/100|Documental||1|0|0|0
355|Just Another Love Story|2007|all|76/100|Misterio|Terror|1|0|0|0
356|The Lovely Bones|2009|13+|74/100|Misterio|Terror|1|0|0|0
357|Live Twice, Love Once|2019|18+|71/100|Romance|Drama|1|0|0|0
358|Faith, Hope & Love|2019|7+|70/100|Romance|Comedia|1|0|0|0
359|To All the Boys: P.S. I Still Love You|2020|16+|68/100|Romance|Comedia|1|0|0|0
360|Toilet: A Love Story|2017|all|66/100|Romance|Drama|1|0|0|0
361|The Lovebirds|2020|18+|66/100|Romance|Comedia|1|0|0|0
362|The Last Letter From Your Lover|2021|18+|66/100|Romance|Drama|1|0|0|0
363|For the Love of Spock|2016|all|65/100|Documental||1|0|0|0
364|The Lovers|2017|18+|54/100|Romance|Comedia|1|0|0|0
365|Everyday I Love You|2015|all|53/100|Romance|Drama|1|0|0|0
366|Almost Love|2019|all|53/100|Romance|Drama|1|0|0|0
367|Bangkok Traffic Love Story|2009|7+|52/100|Romance|Comedia|1|0|0|0
368|Love Wedding Repeat|2020|18+|52/100|Romance|Comedia|1|0|0|0
369|Love Beats Rhymes|2017|18+|51/100|Drama|Musical|1|0|0|0
370|A Love Song for Latasha|2019|all|51/100|Documental||1|0|0|0
371|Love and Shukla|2017|all|51/100|Romance|Comedia|1|0|0|0
372|Tere Naal Love Ho Gaya|2012|7+|51/100|Romance||1|0|0|0
373|Love for Sale|2018|all|51/100|Romance|Drama|1|0|0|0
374|Squared Love|2021|13+|51/100|Romance|Comedia|1|0|0|0
375|Love Aaj Kal|2020|all|51/100|Romance|Drama|1|0|0|0
376|Love.com|2017|all|50/100|Romance|Comedia|1|0|0|0
377|Love or Money|2021|all|49/100|Romance|Comedia|1|0|0|0
378|World Famous Lover|2020|all|49/100|Romance|Drama|1|0|0|0
379|The Love Affair|2015|all|48/100|Romance|Comedia|1|0|0|0
380|Love for Sale 2|2019|all|46/100|Romance|Drama|1|0|0|0
381|A Very Special Love|2008|7+|46/100|Romance|Comedia|1|0|0|0
382|Love Like the Falling Rain|2020|all|45/100|Romance|Drama|1|0|0|0
383|Verses of Love 2|2017|all|44/100|Romance|Drama|1|0|0|0
384|Resort to Love|2021|all|44/100|Romance|Comedia|1|0|0|0
385|I Love You - A Divorce Comedy|2016|all|44/100|Romance|Comedia|1|0|0|0
386|Story of Kale: When Someone's in Love|2020|18+|44/100|Romance||1|0|0|0
387|First Love|2018|all|44/100|Romance|Crimen|1|0|1|0
388|Deviant Love|2019|16+|43/100|Misterio|Suspenso|1|0|0|0
389|When Love Happens|2014|all|40/100|Romance|Comedia|1|0|0|0
390|Schubert in Love|2016|all|40/100|Romance|Comedia|1|0|0|0
391|The End of Doel's Love Story|2020|all|40/100|Romance|Drama|1|0|0|0
392|What's Love Got To Do With It|1993|18+|69/100|Romance|Comedia|0|1|0|0
393|Like Someone in Love|2012|all|65/100|Romance|Drama|0|1|0|0
394|We Are Freestyle Love Supreme|2020|18+|64/100|Romance||0|1|0|0
395|Hounds of Love|2016|all|63/100|Crimen|Misterio|0|1|0|0
396|Ordinary Love|2019|18+|60/100|Romance|Drama|0|1|0|0
397|Four Lovers|2010|all|59/100|Romance|Drama|0|1|0|0
398|The Face of Love|2013|13+|57/100|Romance|Drama|0|1|0|0
399|First Girl I Loved|2016|all|57/100|Romance|Drama|0|1|0|0
400|Love After Love|2018|all|51/100|Romance|Drama|0|1|0|0
401|Tru Love|2013|all|50/100|Romance|Drama|0|1|1|0
402|Playin' for Love|2015|all|39/100|Romance|Comedia|0|1|0|0
403|24 Hour Love|2013|18+|37/100|Romance|Drama|0|1|0|0
404|Sylvie's Love|2020|13+|78/100|Romance|Drama|0|0|1|0
405|Love Rosie|2014|18+|77/100|Romance|Comedia|0|0|1|0
406|Love Repeat|2020|all|41/100|Romance|Comedia|0|0|1|0
407|The Love Letter|2013|all|40/100|Romance|Comedia|0|0|1|0
408|Courageous Love|2017|all|39/100|Romance|Drama|0|0|1|0
409|Love and Love Only|2016|all|39/100|Romance|Comedia|0|0|1|0
410|Love Simple|2009|all|39/100|Romance|Comedia|0|0|1|0
411|Love Stalk|2016|all|39/100|Romance|Comedia|0|0|1|0
412|Price of Love|2020|all|39/100|Romance|Drama|0|0|1|0
413|Where Love Found Me|2016|13+|38/100|Romance|Aventura|0|0|1|0
414|Minimalism: A Documentary About the Important Things|2015|all|62/100|Documental||1|0|0|0
415|The Amazing Johnathan Documentary|2019|all|68/100|Documental||0|1|0|0
416|Never Surrender: A Galaxy Quest Documentary|2019|13+|61/100|Documental||0|0|1|0
417|Ear Buds: The Podcasting Documentary|2016|all|46/100|Documental||0|0|1|0
418|The Starck Club Documentary-The Final Cut|2013|all|39/100|Documental||0|0|1|0
419|Pee-wee's Big Holiday|2016|7+|73/100|Aventura||1|0|0|0
420|Holiday in the Wild|2019|7+|63/100|Romance||1|0|0|0
421|Trolls Holiday in Harmony|2017|7+|58/100|Navidad||1|0|0|0
422|The Holiday Calendar|2018|all|51/100|Navidad||1|0|0|0
423|Holiday Rush|2019|7+|48/100|Navidad||1|0|0|0
424|Hometown Holiday|2018|7+|44/100|Navidad||1|0|0|0
425|Holiday on Mars|2020|all|43/100|Comedia||1|0|0|0
426|Dragons: Rescue Riders: Huttsgalor Holiday|2020|all|42/100|Navidad||1|0|0|0
427|Chico Bon Bon and the Very Berry Holiday|2020|all|36/100|Navidad||1|0|0|0
428|DreamWorks Home: For the Holidays|2017|13+|35/100|Navidad||1|0|0|0
429|The United States vs. Billie Holiday|2021|18+|67/100|Drama||0|1|0|0
430|Roman Holiday|1953|all|77/100|Navidad||0|0|1|0
431|Home for the Holidays|1995|13+|61/100|Navidad||0|0|1|0
432|Holly's Holiday|2012|16+|51/100|Navidad||0|0|1|0
433|Throwback Holiday|2018|all|44/100|Navidad||0|0|1|0
434|Lavell Crawford: Home for the Holidays|2017|18+|43/100|Navidad||0|0|1|0
435|Lost Holiday|2019|all|42/100|Navidad||0|0|1|0
436|The Lego Star Wars Holiday Special|2020|all|61/100|Navidad|Ciencia Ficcion|0|0|0|1
437|Hawaiian Holiday|1937|all|49/100|Navidad||0|0|0|1
438|Decorating Disney: Holiday Magic|2017|7+|46/100|Navidad||0|0|0|1
439|Manson Family Vacation|2015|all|52/100|Comedia||1|0|0|0
440|Tiny Toon Adventures: How I Spent My Vacation|1992|all|63/100|Comedia|Aventura|0|1|0|0
441|Million Dollar Baby|2004|13+|84/100|Drama||1|0|0|0
442|The Babysitter: Killer Queen|2020|all|73/100|Terror||1|0|0|0
443|The Babysitter|2017|18+|71/100|Terror||1|0|0|0
444|A Babysitter's Guide to Monster Hunting|2020|all|64/100|Fantasia||1|0|0|0
445|Ali Wong: Baby Cobra|2016|18+|64/100|Comedia||1|0|0|0
446|Jim Gaffigan: King Baby|2009|7+|64/100|Stand Up||1|0|0|0
447|Seth Meyers: Lobby Baby|2019|18+|61/100|Stand Up||1|0|0|0
448|Oh! Baby|2019|all|52/100|Drama||1|0|0|0
449|The Boss Baby: Get That Baby!|2020|all|52/100|Comedia||1|0|0|0
450|Maria Bamford: Old Baby|2017|18+|49/100|Stand Up||1|0|0|0
451|Baby Mamas|2018|all|41/100|Drama||1|0|0|0
452|Elevator Baby|2019|18+|39/100|Misterio||1|0|0|0
453|Anchor Baby|2010|all|38/100|Misterio||1|0|1|0
454|Pinkfong and Baby Shark's Space Adventure|2019|all|12/100|Aventura||1|0|0|0
455|Babyteeth|2020|all|67/100|Drama||0|1|0|0
456|Casa de los Babys|2003|18+|58/100|Drama||0|1|0|0
457|Baby Steps|2015|18+|46/100|Drama||0|1|0|0
458|Bratz: Babyz - The Movie|2006|all|44/100|Comedia||0|1|0|0
459|The Babysitters|2008|18+|65/100|Drama||0|0|1|0
460|Sugarbaby|1985|all|55/100|Romance||0|0|1|0
461|Babysitter|2015|all|48/100|Comedia||0|0|1|0
462|The Wrong Babysitter|2017|16+|42/100|Misterio||0|0|1|0
463|Baby Cat|1983|18+|38/100|Drama||0|0|1|0
464|Adventures in Babysitting|1987|13+|70/100|Comedia||0|0|0|1
465|3 Men and a Baby|1987|7+|66/100|Comedia||0|0|0|1
466|Baby's Day Out|1994|7+|65/100|Comedia||0|0|0|1
467|Harry Potter and the Sorcerer's Stone|2001|7+|82/100|Fantasia|Misterio|0|0|1|0
468|Harry Potter and the Chamber of Secrets|2002|7+|81/100|Fantasia|Misterio|0|0|1|0
469|Harry Potter and the prisoner of Azkaban|2004|7+|88/100|Fantasia|Misterio|0|0|1|0
470|Harry Potter and the Goblet of Fire|2005|13+|81/100|Fantasia|Misterio|0|0|1|0
471|Harry Potter and the Order of the Phoenix|2007|13+|80/100|Fantasia|Misterio|0|0|1|0
472|Harry Potter and the Half-Blood Prince|2009|7+|81/100|Fantasia|Misterio|0|0|1|0
473|Harry Potter and the Deathly Hallows: Part 1|2010|13+|81/100|Fantasia|Misterio|0|0|1|0
474|Harry Potter and the Deathly Hallows: Part 2|2011|13+|93/100|Fantasia|Misterio|0|0|1|0
475|Mickey, Donald, Goofy: The Three Musketeers|2004|all|62/100|Comedia|Familia|0|0|0|1
476|Mickey's Trailer|1938|all|58/100|Comedia|Familia|0|0|0|1
477|Mickey and the Seal|1948|all|52/100|Comedia|Familia|0|0|0|1
478|Magician Mickey|1937|all|51/100|Comedia|Familia|0|0|0|1
479|Tugboat Mickey|1940|all|50/100|Comedia|Familia|0|0|0|1
480|Mickey's Birthday Party|1942|all|48/100|Comedia|Familia|0|0|0|1
481|Mickey's Rival|1936|all|48/100|Comedia|Familia|0|0|0|1
482|Mickey Mouse: Mickey's Delayed Date|1947|all|47/100|Comedia|Familia|0|0|0|1
483|Mickey Down Under|1948|all|45/100|Comedia|Familia|0|0|0|1
484|A Goofy Movie|1995|all|71/100|Comedia|Familia|0|0|0|1
485|An Extremely Goofy Movie|2000|all|62/100|Comedia|Familia|0|0|0|1
486|Chef Donald|1941|all|52/100|Comedia|Familia|0|0|0|1
487|Donald Duck: The Wise Little Hen|1934|all|50/100|Comedia|Familia|0|0|0|1
488|Donald's Golf Game|1938|all|48/100|Comedia|Familia|0|0|0|1
489|Donald's Dog Laundry|1940|all|48/100|Comedia|Familia|0|0|0|1
490|Donald's Tire Trouble|1943|all|47/100|Comedia|Familia|0|0|0|1
491|I'll Sleep When I'm Dead|2016|all|52/100|Documental||1|0|0|0
492|Army of the Dead|2021|18+|52/100|Documental||1|0|0|0
493|Deadly Illusions|2020|all|50/100|Misterio||1|0|0|0
494|Deadly Switch|2019|all|49/100|Misterio||1|0|0|0
495|Dead Again in Tombstone|2017|18+|49/100|Terror||1|0|0|0
496|Dead Kids|2019|18+|49/100|Misterio||1|0|0|0
497|Deadcon|2019|all|43/100|Terror||1|0|0|0
498|The Dead Zone|1983|18+|72/100|Terror||0|1|0|0
499|House of the Dead|2003|18+|48/100|Terror||0|1|0|0
500|Fafner in the Azure: Dead Aggressor - Heaven and Earth|2010|16+|43/100|Fantasia||0|1|0|0
501|Bringing Out the Dead|1999|18+|69/100|Drama||0|0|1|0
502|Dead & Buried|1981|18+|64/100|Terror||0|0|1|0
503|Dead End|1937|all|62/100|Drama||0|0|1|0
504|Dead Man on Campus|1998|18+|60/100|Comedia||0|0|1|0
505|Battles Without Honor and Humanity: Deadly Fight in Hiroshima|1973|all|60/100|Accion||0|0|1|0
506|Dead Birds|2004|18+|59/100|Terror||0|0|1|0
507|Dance of the Dead|2008|18+|58/100|Terror||0|0|1|0
508|Survival of the Dead|2010|18+|58/100|Terror||0|0|1|0
509|The Dead Center|2019|all|57/100|Misterio||0|0|1|0
510|Dead Space: Aftermath|2010|all|57/100|Terror||0|0|1|0
511|The Dead Lands|2014|18+|56/100|Terror||0|0|1|0
512|Dead Man Running|2009|18+|53/100|Misterio||0|0|1|0
513|The Deadly Companions|1961|13+|51/100|Comedia||0|0|1|0
514|A Deadly Silence|1989|all|50/100|Drama||0|0|1|0
515|A Haunting On Dice Road 2: Town of the Dead|2017|all|47/100|Documental||0|0|1|0
516|Deadlocked|2020|all|45/100|Terror||0|0|1|0
517|Deadly Nightshade|1953|all|42/100|Drama||0|0|1|0
518|Dead Silent|1999|all|42/100|Misterio||0|0|1|0
519|Dead Man's Cards|2006|13+|41/100|Misterio||0|0|1|0
520|Dead Voices|2020|all|41/100|Terror||0|0|1|0
521|A Deadly Legend|2020|all|40/100|Terror||0|0|1|0
522|Curse of the Blind Dead|2019|all|40/100|Terror||0|0|1|0
523|The Deadly Knives|1972|all|40/100|Accion||0|0|1|0
524|Mandao of the Dead|2018|all|39/100|Terror||0|0|1|0
525|Gangs of the Dead|2006|18+|39/100|Terror||0|0|1|0
526|Night of the Living Dead: Resurrection|2012|18+|39/100|Terror||0|0|1|0
527|Pirates of the Caribbean: The Curse of the Black Pearl|2003|13+|86/100|Aventura|Fantasia|0|0|0|1
528|Pirates of the Caribbean: Dead Man's Chest|2006|13+|82/100|Aventura|Fantasia|0|0|0|1
529|Pirates of the Caribbean: At World's End|2007|13+|81/100|Aventura|Fantasia|0|0|0|1
530|Pirates of the Caribbean: Dead Men Tell No Tales|2017|13+|78/100|Aventura|Fantasia|0|0|0|1
531|The Irishman|2019|18+|98/100|Drama|Crimen|1|0|0|0
532|Dangal|2016|7+|97/100|Biografia|Drama|1|0|0|0
533|David Attenborough: A Life on Our Planet|2020|7+|95/100|Documental||1|0|0|0
534|Lagaan: Once Upon a Time in India|2001|7+|94/100|Drama|Comedia|1|0|0|0
535|Roma|2018|18+|94/100|Drama||1|0|0|0
536|To All the Boys I've Loved Before|2018|13+|94/100|Comedia|Romance|1|0|0|0
537|The Social Dilemma|2020|13+|93/100|Documental|Drama|1|0|0|0
538|Okja|2017|13+|92/100|Accion|Aventura|1|0|0|0
539|The Ballad of Buster Scruggs|2018|16+|92/100|Comedia|Musical|1|0|0|0
540|The Trial of the Chicago 7|2020|18+|92/100|Drama|Terror|1|0|0|0
541|Article 15|2019|18+|92/100|Drama||1|0|0|0
542|Jim & Andy: The Great Beyond- Featuring a Very Special, Contractually Obligated Mention of Tony Clifton|2017|18+|92/100|Biografia||1|0|0|0
543|Dolemite Is My Name|2019|18+|92/100|Biografia|Comedia|1|0|0|0
544|Mudbound|2017|18+|91/100|Drama||1|0|0|0
545|Swades|2004|all|91/100|Drama||1|0|0|0
546|Fyre|2019|18+|91/100|Documental|Crimen|1|0|0|0
547|Miss Americana|2020|18+|90/100|Documental|Musical|1|0|0|0
548|Virunga|2014|16+|90/100|Documental|Crimen|1|0|0|0
549|Black Friday|2004|18+|90/100|Drama||1|0|0|0
550|Talvar|2015|7+|90/100|Drama|Crimen|1|0|0|0
551|The King|2019|18+|90/100|Biografia|Drama|1|0|0|0
552|John Mulaney: Kid Gorgeous at Radio City|2018|18+|89/100|Comedia||1|0|0|0
553|I Am Mother|2019|13+|89/100|Ciencia Ficcion|Terror|1|0|0|0
554|Tell Me Who I Am|2019|18+|89/100|Documental|Drama|1|0|0|0
555|The Departed|2006|18+|89/100|Crimen|Drama|1|0|0|0
556|Winter on Fire: Ukraine's Fight for Freedom|2015|16+|89/100|Documental||1|0|0|0
557|Terminator 2: Judgment Day|1991|18+|89/100|Accion|Ciencia Ficcion|1|0|0|0
558|I Lost My Body|2019|18+|89/100|Drama|Fantasia|1|0|0|0
559|Django Unchained|2012|18+|89/100|Drama||1|0|0|0
560|The Half of It|2020|13+|89/100|Comedia|Drama|1|0|0|0
561|The Boy Who Harnessed the Wind|2019|7+|89/100|Drama||1|0|0|0
562|The Devil All the Time|2020|18+|89/100|Crimen|Drama|1|0|0|0
563|The Fundamentals of Caring|2016|18+|89/100|Comedia|Drama|1|0|0|0
564|Pieces of a Woman|2020|18+|88/100|Drama||1|0|0|0
565|Gerald's Game|2017|18+|88/100|Crimen|Drama|1|0|0|0
566|Shutter Island|2010|18+|88/100|Misterio|Terror|1|0|0|0
567|Always Be My Maybe|2019|13+|88/100|Comedia|Romance|1|0|0|0
568|The Intouchables|2011|7+|88/100|Biografia|Comedia|1|0|0|0
569|Bill Burr: Paper Tiger|2019|18+|87/100|Comedia||1|0|0|0
570|Kiss the Ground|2020|18+|87/100|Documental||1|0|0|0
571|Crip Camp: A Disability Revolution|2020|18+|87/100|Documental||1|0|0|0
572|Extraction|2020|18+|87/100|Accion|Drama|1|0|0|0
573|No Direction Home: Bob Dylan|2005|all|87/100|Documental|Musical|1|0|0|0
574|Kabhi Khushi Kabhie Gham|2001|all|87/100|Drama|Musical|1|0|0|0
575|His House|2020|16+|87/100|Terror|Drama|1|0|0|0
576|Super Deluxe|2019|18+|87/100|Crimen|Drama|1|0|0|0
577|The Guernsey Literary & Potato Peel Pie Society|2018|16+|87/100|Drama|Romance|1|0|0|0
578|A Secret Love|2020|18+|87/100|Biografia|Romance|1|0|0|0
579|The Night Comes for Us|2018|18+|87/100|Accion|Crimen|1|0|0|0
580|The Big Lebowski|1998|18+|87/100|Comedia|Crimen|1|0|0|0
581|Pad Man|2018|13+|87/100|Biografia|Drama|1|0|0|0
582|American Factory|2019|13+|86/100|Documental||1|0|0|0
583|Bird Box|2018|18+|86/100|Ciencia Ficcion|Suspenso|1|0|0|0
584|The Pianist|2002|18+|86/100|Biografia|Drama|1|0|0|0
585|3 Idiots|2009|13+|86/100|Comedia|Drama|1|0|0|0
586|A Shaun the Sheep Movie: Farmageddon|2019|all|86/100|Aventura|Comedia|1|0|0|0
587|A Clockwork Orange|1971|18+|86/100|Crimen|Ciencia Ficcion|1|0|0|0
588|What Happened to Monday|2017|18+|86/100|Accion|Aventura|1|0|0|0
589|Anthony Jeselnik: Thoughts and Prayers|2015|18+|86/100|Comedia||1|0|0|0
590|The White Helmets|2016|16+|86/100|Documental|Crimen|1|0|0|0
591|Invader ZIM: Enter the Florpus|2019|7+|86/100|Accion|Aventura|1|0|0|0
592|Happy as Lazzaro|2018|13+|85/100|Drama|Fantasia|1|0|0|0
593|Kal Ho Naa Ho|2003|all|85/100|Comedia|Musical|1|0|0|0
594|Pan's Labyrinth|2006|18+|85/100|Drama|Fantasia|1|0|0|0
595|Team Foxcatcher|2016|16+|85/100|Documental|Crimen|1|0|0|0
596|The Meyerowitz Stories (New and Selected)|2017|18+|85/100|Comedia|Drama|1|0|0|0
597|Casino Royale|2006|13+|85/100|Accion|Aventura|1|0|0|0
598|The Hateful Eight|2015|18+|85/100|Crimen|Drama|1|0|0|0
599|Rush|2013|18+|84/100|Biografia|Accion|1|0|0|0
600|Zombieland|2009|18+|84/100|Comedia|Terror|1|0|0|0
601|Eurovision Song Contest: The Story of Fire Saga|2020|13+|84/100|Comedia|Musical|1|0|0|0
602|Kapoor & Sons|2016|13+|84/100|Comedia|Romance|1|0|0|0
603|The Perfection|2018|18+|84/100|Drama|Terror|1|0|0|0
604|Dave Chappelle: Sticks & Stones|2019|18+|84/100|Comedia||1|0|0|0
605|There Will Be Blood|2007|18+|84/100|Drama||1|0|0|0
606|The Social Network|2010|13+|84/100|Drama||1|1|0|0
607|Monty Python and the Holy Grail|1975|7+|84/100|Comedia|Aventura|1|0|0|0
608|The Pixar Story|2007|all|84/100|Documental||1|0|0|0
609|Ma Rainey's Black Bottom|2020|18+|84/100|Drama|Musical|1|0|0|0
610|Calibre|2018|18+|84/100|Drama|Suspenso|1|0|0|0
611|Silver Linings Playbook|2012|18+|84/100|Comedia|Romance|1|0|0|0
612|Over the Moon|2020|7+|84/100|Aventura|Familia|1|0|0|0
613|Nightcrawler|2014|18+|84/100|Drama|Crimen|1|0|0|0
614|Paddleton|2019|18+|84/100|Comedia|Drama|1|0|0|0
615|Rain Man|1988|18+|83/100|Drama||1|0|0|0
616|The Ritual|2017|18+|83/100|Terror||1|0|0|0
617|The Hater|2020|18+|83/100|Drama|Crimen|1|0|0|0
618|The Edge of Democracy|2019|16+|83/100|Documental||1|0|0|0
619|Adam Sandler: 100% Fresh|2018|18+|83/100|Drama|Crimen|1|0|0|0
620|Guru|2007|13+|83/100|Comedia||1|0|0|0
621|A Twelve-Year Night|2018|18+|83/100|Documental|Comedia|1|0|0|0
622|Dumplin'|2018|13+|83/100|Drama||1|0|0|0
623|The Conjuring|2013|18+|83/100|Drama|Comedia|1|0|0|0
624|Marriage Story|2019|18+|83/100|Terror|Misterio|1|0|0|0
625|My Octopus Teacher|2020|all|83/100|Drama|Crimen|1|0|0|0
626|About Time|2013|13+|83/100|Biografia|Drama|1|0|0|0
627|Hey Arnold! The Jungle Movie|2017|7+|83/100|Comedia|Familia|1|1|0|0
628|Kung Fu Panda|2008|7+|83/100|Accion|Aventura|1|0|0|0
629|Superbad|2007|18+|83/100|Comedia||1|0|0|0
630|The Invisible Guest|2016|18+|83/100|Drama|Misterio|1|0|0|0
631|Chinatown|1974|18+|82/100|Crimen|Misterio|1|0|0|0
632|Mystic River|2003|18+|82/100|Biografia|Drama|1|0|0|0
633|The Theory of Everything|2014|13+|82/100|Documental||1|0|0|0
634|The Life Ahead|2020|13+|82/100|Comedia|Drama|1|0|0|0
635|The Terminal|2004|13+|82/100|Drama|Comedia|1|0|1|0
636|Scott Pilgrim vs. the World|2010|13+|82/100|Documental||1|0|0|0
637|Being Elmo: A Puppeteer's Journey|2011|7+|82/100|Documental||1|0|0|0
638|Life of Brian|1979|18+|82/100|Drama|Fantasia|1|0|0|0
639|The Resistance Banker|2018|18+|82/100|Drama||1|0|0|0
640|How to Train Your Dragon 2|2014|7+|82/100|Comedia|Drama|1|0|0|0
641|Love Actually|2003|18+|82/100|Comedia|Drama|1|0|0|0
642|Dear Ex|2018|18+|82/100|Ciencia Ficcion|Misterio|1|0|0|0
643|Braven|2018|18+|82/100|Documental||1|0|0|0
644|Captain Fantastic|2016|18+|82/100|Romance||1|0|0|0
645|Veronica|2017|18+|81/100|Comedia|Drama|1|0|0|0
646|Ricky Gervais: Humanity|2018|18+|81/100|Comedia|Fantasia|1|0|0|0
647|A Whisker Away|2020|7+|81/100|Documental||1|0|0|0
648|Lady Bird|2017|18+|81/100|Documental||1|0|0|0
649|Road to Perdition|2002|18+|81/100|Drama||1|0|0|0
650|Boogie Nights|1997|18+|81/100|Comedia||1|0|0|0
651|Total Recall|1990|16+|81/100|Drama||1|0|0|0
652|Bo Burnham: Inside|2021|18+|81/100|Ciencia Ficcion|Misterio|1|0|0|0
653|Snowpiercer|2013|18+|81/100|Documental||1|0|0|0
654|The Conjuring 2|2016|18+|81/100|Drama|Aventura|1|0|0|0
655|They'll Love Me When I'm Dead|2018|18+|81/100|Drama||1|0|0|0
656|Nocturnal Animals|2016|18+|81/100|Comedia|Musical|1|0|0|0
657|Get Me Roger Stone|2017|16+|81/100|Drama|Comedia|1|0|0|0
658|Hachi: A Dog's Tale|2009|all|81/100|Drama|Terror|1|0|0|0
659|Dances with Wolves|1990|13+|80/100|Ciencia Ficcion|Accion|1|0|0|0
660|Udta Punjab|2016|18+|80/100|Drama|Ciencia Ficcion|1|0|0|0
661|Maktub|2017|7+|80/100|Terror|Misterio|1|0|0|0
662|Ittefaq|2017|7+|80/100|Documental||1|0|0|0
663|Hannah Gadsby: Nanette|2018|18+|80/100|Drama|Romance|1|0|0|0
664|Ali Wong: Hard Knock Wife|2018|18+|80/100|Comedia||1|0|0|0
665|Seven Pounds|2008|13+|80/100|Drama|Crimen|1|0|1|0
666|Uncut Gems|2019|18+|80/100|Drama||1|0|0|0
667|The Kindergarten Teacher|2018|18+|80/100|Drama|Crimen|1|0|0|0
668|Next Gen|2018|7+|80/100|Accion|Aventura|1|0|0|0
669|Tom Segura: Disgraceful|2018|13+|80/100|Comedia||1|0|0|0
670|Badla|2019|7+|80/100|Crimen|Drama|1|0|0|0
671|Okko's Inn|2018|7+|80/100|Drama|Familia|1|0|0|0
672|The Willoughbys|2020|7+|80/100|Comedia|Familia|1|0|0|0
673|Hunt for the Wilderpeople|2016|13+|80/100|Comedia|Aventura|1|1|0|0
674|Stardust|2007|13+|79/100|Aventura|Fantasia|1|0|0|0
675|Wheelman|2017|18+|79/100|Accion|Crimen|1|0|0|0
676|The Artist|2011|13+|79/100|Comedia|Romance|1|1|0|0
677|On My Skin|2018|18+|79/100|Crimen|Drama|1|0|0|0
678|Gaga: Five Foot Two|2017|18+|79/100|Documental|Musical|1|0|0|0
679|Hugo|2011|7+|79/100|Aventura|Familia|1|0|0|0
680|The Impossible|2012|13+|79/100|Drama||1|0|0|0
681|War Dogs|2016|18+|79/100|Drama||1|0|0|0
682|Ip Man|2008|18+|79/100|Comedia|Crimen|1|0|0|0
683|Kung Fu Panda 2|2011|7+|79/100|Documental||1|0|0|0
684|The Dirt|2019|18+|79/100|Accion|Aventura|1|0|0|0
685|Atlantics|2019|13+|79/100|Biografia|Comedia|1|0|0|0
686|El Camino: A Breaking Bad Movie|2019|18+|79/100|Comedia||1|0|0|0
687|Underworld|2003|18+|79/100|Comedia||1|1|1|0
688|The Ring|2002|13+|79/100|Drama|Romance|1|0|1|0
689|The Karate Kid|1984|7+|79/100|Crimen|Drama|1|0|0|0
690|Quincy|2018|18+|79/100|Drama|Misterio|1|0|0|0
691|The Patriot|2000|18+|79/100|Crimen|Misterio|1|0|0|0
692|Get In|2019|18+|79/100|Biografia|Musical|1|0|0|0
693|Jerry Before Seinfeld|2017|16+|79/100|Crimen|Drama|1|0|0|0
694|A Silent Voice: The Movie|2016|13+|78/100|Accion|Aventura|1|0|0|0
695|Klaus|2019|7+|78/100|Documental||1|0|0|0
696|Snowden|2016|18+|78/100|Comedia|Drama|1|0|0|0
697|Nick Kroll & John Mulaney: Oh, Hello on Broadway|2017|18+|78/100|Documental||1|0|0|0
698|What's Eating Gilbert Grape|1993|13+|78/100|Comedia|Crimen|1|0|0|0
699|The Da Vinci Code|2006|13+|78/100|Biografia|Comedia|1|1|0|0
700|Stranger Than Fiction|2006|13+|78/100|Drama||1|0|0|0
701|Real Steel|2011|13+|78/100|Comedia|Fantasia|1|0|0|0
702|The Founder|2017|13+|78/100|Documental||1|0|0|0
703|Stargate|1994|13+|78/100|Comedia||1|0|0|0
704|Chef|2014|18+|78/100|Comedia|Crimen|1|0|0|0
705|Austin Powers: International Man of Mystery|1997|13+|78/100|Comedia|Crimen|1|0|0|0
706|Insidious|2010|13+|78/100|Drama|Misterio|1|0|0|0
707|The Old Guard|2020|18+|78/100|Drama||1|0|0|0
708|Rango|2011|7+|78/100|Ciencia Ficcion||1|0|0|0
709|Before I Wake|2016|13+|78/100|Drama||1|0|0|0
710|The Disaster Artist|2017|18+|78/100|Crimen|Misterio|1|0|0|0
711|Fruitvale Station|2013|18+|77/100|Accion|Crimen|1|0|0|0
712|The Florida Project|2017|18+|77/100|Biografia|Crimen|1|0|0|0
713|Behind the Curve|2018|16+|77/100|Ciencia Ficcion|Drama|1|0|0|0
714|Lawless|2012|18+|77/100|Crimen|Misterio|1|0|0|0
715|Errementari: The Blacksmith and the Devil|2018|18+|77/100|Comedia|Crimen|1|0|0|0
716|Quantum of Solace|2008|13+|77/100|Accion|Aventura|1|0|0|0
717|The Master|2012|18+|77/100|Documental||1|0|0|0
718|Layer Cake|2004|18+|77/100|Drama||1|0|0|0
719|Flipped|2010|7+|77/100|Ciencia Ficcion|Misterio|1|0|0|0
720|Steve Martin and Martin Short: An Evening You Will Forget for the Rest of Your Life|2018|16+|77/100|Ciencia Ficcion|Suspenso|1|0|0|0
721|Friends with Benefits|2011|18+|77/100|Crimen|Misterio|1|1|0|0
722|Enola Holmes|2020|13+|77/100|Romance|Comedia|1|0|0|0
723|PK|2015|13+|77/100|Drama||1|0|0|0
724|Good Time|2017|18+|77/100|Drama||1|0|0|0
725|The Next Three Days|2010|13+|77/100|Crimen|Misterio|1|0|0|0
726|Miracle in Cell No. 7|2019|16+|77/100|Accion|Aventura|1|0|0|0
727|Like Stars on Earth|2007|7+|77/100|Crimen|Terror|1|0|0|0
728|I Am Sam|2001|13+|77/100|Accion|Aventura|1|0|0|0
729|In the Shadow of the Moon|2019|18+|77/100|Drama|Crimen|1|0|0|0
730|Neon Genesis Evangelion: The End of Evangelion|1997|18+|77/100|Drama|Misterio|1|0|0|0
731|Memoirs of a Geisha|2005|13+|76/100|Comedia|Crimen|1|0|0|0
732|Mad Max|1979|18+|76/100|Comedia|Crimen|1|0|0|0
733|John Leguizamo's Latin History for Morons|2018|7+|76/100|Biografia|Crimen|1|0|0|0
734|And Breathe Normally|2018|16+|76/100|Drama|Misterio|1|0|0|0
735|The Killing of a Sacred Deer|2017|18+|76/100|Drama||1|0|0|0
736|Angels & Demons|2009|13+|76/100|Comedia|Crimen|1|1|0|0
737|Bright|2017|18+|76/100|Comedia||1|0|0|0
738|Yes Man|2008|13+|76/100|Accion|Comedia|1|0|0|0
739|Murder Mystery|2019|13+|76/100|Crimen|Drama|1|0|0|0
740|The Photographer of Mauthausen|2018|18+|76/100|Comedia||1|0|0|0
741|Midnight Run|1988|18+|76/100|Documental||1|0|0|0
742|Flavors of Youth|2018|13+|76/100|Comedia|Crimen|1|0|0|0
743|13th|2016|18+|76/100|Accion|Aventura|1|0|0|0
744|Ravenous|2017|18+|76/100|Comedia|Crimen|1|0|0|0
745|Austin Powers: The Spy Who Shagged Me|1999|13+|76/100|Drama|Familia|1|0|0|0
746|The Life of David Gale|2003|18+|76/100|Drama|Romance|1|0|0|0
747|The Girl Next Door|2004|18+|76/100|Comedia|Drama|1|0|0|0
748|The Two Popes|2019|13+|76/100|Biografia|Comedia|1|0|0|0
749|The Wandering Earth|2019|13+|76/100|Ciencia Ficcion||1|0|0|0
750|Eye for an Eye|2019|18+|76/100|Drama||1|0|0|0
751|Steve Jobs|2015|18+|76/100|Biografia|Drama|1|0|0|0
752|White Fang|2018|7+|76/100|Aventura|Drama|1|0|0|1
753|A Monster Calls|2016|13+|76/100|Drama|Fantasia|1|0|0|0
754|Olympus Has Fallen|2013|18+|76/100|Accion||1|0|0|0
755|Talladega Nights: The Ballad of Ricky Bobby|2006|13+|76/100|Comedia||1|0|0|0
756|The Time Traveler's Wife|2009|13+|76/100|Ciencia Ficcion|Fantasia|1|0|0|0
757|State of Play|2009|13+|76/100|Drama|Misterio|1|0|0|0
758|The Outlaw Josey Wales|1976|7+|76/100|Accion|Aventura|1|0|0|0
759|The Bank Job|2008|18+|76/100|Accion|Aventura|1|0|0|0
760|Miss Sloane|2016|18+|76/100|Drama|Fantasia|1|0|0|0
761|Unknown|2011|13+|75/100|Crimen|Drama|1|0|0|0
762|6 Underground|2019|18+|75/100|Accion|Aventura|1|0|0|0
763|Uncorked|2020|13+|75/100|Drama||1|0|0|0
764|My Fair Lady|1964|all|75/100|Comedia||1|0|0|0
765|Bikram: Yogi, Guru, Predator|2019|18+|75/100|Drama|Romance|1|0|0|0
766|A Futile and Stupid Gesture|2018|18+|75/100|Documental||1|0|0|0
767|The Dig|2021|13+|75/100|Comedia|Drama|1|0|0|0
768|Legally Blonde|2001|13+|75/100|Documental||1|0|0|0
769|Legend|2015|18+|75/100|Biografia|Comedia|1|0|0|0
770|When We First Met|2018|16+|75/100|Biografia|Documental|1|0|0|0
771|Black Mirror: Bandersnatch|2018|18+|75/100|Drama|Fantasia|1|0|0|0
772|Queen|2013|13+|75/100|Documental||1|0|0|0
773|Joshua: Teenager vs. Superpower|2017|16+|75/100|Drama|Crimen|1|0|0|0
774|Air Force One|1997|18+|75/100|Biografia|Comedia|1|0|0|0
775|Shot Caller|2017|18+|75/100|Drama|Crimen|1|0|0|0
776|What Dreams May Come|1998|13+|75/100|Accion|Ciencia Ficcion|1|0|0|0
777|Angel Has Fallen|2019|18+|75/100|Drama|Fantasia|1|0|0|0
778|Crimson Peak|2015|18+|75/100|Accion|Crimen|1|0|0|0
779|Lemony Snicket's A Series of Unfortunate Events|2004|7+|75/100|Crimen|Misterio|1|0|0|0
780|The Red Sea Diving Resort|2019|18+|75/100|Drama|Familia|1|0|0|0
781|The Angel|2018|18+|75/100|Aventura|Comedia|1|0|0|0
782|Army of the Dead|2021|18+|75/100|Documental||1|0|0|0
783|Icarus|2017|18+|75/100|Drama||1|0|0|0
784|Collateral Beauty|2016|13+|75/100|Biografia|Crimen|1|0|0|0
785|The Danish Girl|2015|18+|75/100|Biografia|Drama|1|0|0|0
786|Green Zone|2010|18+|75/100|Drama||1|0|1|0
787|John Mulaney: New in Town|2012|18+|75/100|Accion|Drama|1|0|0|0
788|The White Tiger|2021|18+|75/100|Comedia||1|0|0|0
789|Defiance|2008|18+|75/100|Documental||1|0|0|0
790|A Fortunate Man|2018|16+|75/100|Documental||1|0|0|0
791|The Death of Stalin|2017|18+|75/100|Comedia|Drama|1|0|0|0
792|Underworld: Awakening|2012|18+|74/100|Drama|Crimen|1|1|0|0
793|Philomena|2013|13+|74/100|Drama|Fantasia|1|0|0|0
794|Sanju|2018|18+|74/100|Accion|Ciencia Ficcion|1|0|0|0
795|Nappily Ever After|2018|18+|74/100|Drama||1|0|0|0
796|I Care a Lot|2021|18+|74/100|Documental||1|0|0|0
797|The Butler|2013|13+|74/100|Comedia||1|0|0|0
798|A Single Man|2009|18+|74/100|Comedia|Drama|1|0|0|0
799|Home|2015|7+|74/100|Documental||1|0|1|0
800|Zack and Miri Make a Porno|2008|18+|74/100|Comedia||1|1|1|0
801|Seeing Allred|2018|16+|74/100|Accion|Drama|1|0|0|0
802|Dostana|2008|13+|74/100|Ciencia Ficcion|Suspenso|1|0|0|0
803|Remember Me|2010|13+|74/100|Drama||1|0|0|0
804|Underworld: Rise of the Lycans|2009|18+|74/100|Comedia||1|0|0|0
805|The Lovely Bones|2009|13+|74/100|Biografia|Accion|1|0|0|0
806|No Strings Attached|2011|18+|74/100|Comedia||1|0|1|0
807|A Ghost Story|2017|18+|74/100|Ciencia Ficcion|Misterio|1|0|0|0
808|Safety Not Guaranteed|2012|18+|74/100|Aventura|Comedia|1|0|0|0
809|Game Over|2019|13+|74/100|Comedia|Terror|1|0|0|0
810|Peppermint|2018|18+|74/100|Accion|Crimen|1|0|0|0
811|Have a Good Trip: Adventures in Psychedelics|2020|18+|74/100|Drama|Romance|1|0|0|0
812|Beasts of No Nation|2015|18+|74/100|Drama||1|0|0|0
813|Extinction|2018|18+|74/100|Comedia||1|0|0|0
814|Nobody Knows I'm Here|2020|18+|74/100|Drama||1|0|0|0
815|ARQ|2016|18+|74/100|Documental||1|0|0|0
816|Ali's Wedding|2017|18+|74/100|Drama|Fantasia|1|0|0|0
817|Bo Burnham: Make Happy|2016|18+|74/100|Documental||1|0|0|0
818|Mank|2020|18+|74/100|Drama||1|0|0|0
819|Extremely Wicked, Shockingly Evil and Vile|2019|18+|74/100|Documental||1|0|0|0
820|Due Date|2010|18+|74/100|Ciencia Ficcion|Drama|1|0|0|0
821|Between Two Ferns: The Movie|2019|18+|74/100|Drama|Romance|1|0|0|0
822|Ip Man 2|2010|18+|74/100|Accion|Comedia|1|0|0|0
823|Mirage|2018|18+|74/100|Comedia||1|0|0|0
824|Puss in Boots|2011|7+|74/100|Accion|Drama|1|0|0|0
825|Austin Powers in Goldmember|2002|13+|74/100|Drama|Fantasia|1|0|0|0
826|The Kissing Booth|2018|16+|73/100|Comedia||1|0|0|0
827|Hush|2016|18+|73/100|Accion|Crimen|1|0|0|0
828|Lost Bullet|2020|18+|73/100|Accion|Aventura|1|0|0|0
829|Dil Chahta Hai|2001|all|73/100|Drama|Ciencia Ficcion|1|0|0|0
830|Election|1999|18+|73/100|Crimen|Drama|1|0|1|0
831|Soni|2019|18+|73/100|Accion|Aventura|1|0|0|0
832|Killing Them Softly|2012|18+|73/100|Crimen|Drama|1|0|0|0
833|Swordfish|2001|18+|73/100|Accion|Crimen|1|0|0|0
834|Wish Dragon|2021|7+|73/100|Aventura|Comedia|1|0|0|0
835|Raees|2017|18+|73/100|Accion|Crimen|1|0|0|0
836|Let It Snow|2019|13+|73/100|Comedia|Romance|1|0|0|0
837|Hardcore Henry|2015|18+|73/100|Accion|Aventura|1|0|0|0
838|Tig Notaro: Happy To Be Here|2018|16+|73/100|Comedia||1|0|0|0
839|Spelling the Dream|2020|all|73/100|Documental||1|0|0|0
840|Knock Down the House|2019|7+|73/100|Documental||1|0|0|0
841|Resident Evil: Extinction|2007|18+|73/100|Accion|Aventura|1|1|0|0
842|Polar|2019|18+|73/100|Accion|Crimen|1|0|0|0
843|Saving Capitalism|2017|7+|73/100|Documental||1|0|0|0
844|The Mitchells vs. The Machines|2021|7+|73/100|Crimen|Drama|1|0|0|0
845|Spenser Confidential|2020|18+|73/100|Accion|Fantasia|1|0|0|0
846|Monsters vs Aliens|2009|7+|73/100|Drama|Fantasia|1|0|0|0
847|Twilight|2008|13+|73/100|Ciencia Ficcion|Misterio|1|0|1|0
848|Self/less|2015|13+|73/100|Comedia||1|0|0|0
849|The Highwaymen|2019|18+|73/100|Terror|Misterio|1|0|0|0
850|ParaNorman|2012|7+|73/100|Comedia||1|0|0|0
851|Fear Street Part Two: 1978|2021|18+|73/100|Comedia|Drama|1|0|0|0
852|Gunpowder Milkshake|2021|18+|73/100|Drama||1|0|0|0
853|Michael Bolton's Big, Sexy Valentine's Day Special|2017|18+|73/100|Accion|Crimen|1|0|0|0
854|I Am Not Your Negro|2017|18+|73/100|Biografia|Drama|1|1|0|0
855|Midnight Special|2016|13+|73/100|Documental||1|0|0|0
856|Homefront|2013|18+|73/100|Comedia||1|0|0|0
857|The Squid and the Whale|2005|18+|73/100|Documental||1|0|0|0
858|Comedian|2002|18+|73/100|Drama||1|0|0|0
859|No Escape|2015|18+|73/100|Ciencia Ficcion|Misterio|1|0|0|0
860|The Garden of Words|2013|13+|73/100|Comedia||1|0|0|0
861|Fractured|2019|18+|73/100|Ciencia Ficcion||1|0|1|0
862|The Queen|2006|13+|73/100|Comedia|Crimen|1|0|0|0
863|The Whole Nine Yards|2000|18+|72/100|Comedia|Crimen|1|0|0|0
864|The Discovery|2017|18+|72/100|Comedia|Crimen|1|0|0|0
865|The Strangers|2008|18+|72/100|Ciencia Ficcion||1|0|0|0
866|She's Out of My League|2010|18+|72/100|Comedia|Romance|1|0|1|0
867|Voyeur|2017|18+|72/100|Accion|Crimen|1|0|0|0
868|It Comes at Night|2017|18+|72/100|Comedia|Drama|1|0|0|0
869|The Manchurian Candidate|2004|18+|72/100|Drama|Romance|1|0|1|0
870|Hot Rod|2007|13+|72/100|Accion|Ciencia Ficcion|1|0|1|0
871|The BFG|2016|7+|72/100|Comedia|Musical|1|0|0|0
872|Sunday's Illness|2018|13+|72/100|Accion|Crimen|1|0|0|0
873|The Lorax|2012|7+|72/100|Ciencia Ficcion||1|1|0|0
874|Win It All|2017|18+|72/100|Comedia||1|0|0|0
875|Mile 22|2018|18+|72/100|Accion|Aventura|1|0|0|0
876|Tenacious D in The Pick of Destiny|2006|18+|72/100|Aventura|Comedia|1|0|0|0
877|The Sum of All Fears|2002|13+|72/100|Aventura|Comedia|1|0|0|0
878|G.O.R.A.|2004|13+|72/100|Accion|Aventura|1|0|0|0
879|The Perfect Date|2019|16+|72/100|Drama|Terror|1|0|0|0
880|Life As We Know It|2010|13+|72/100|Drama|Terror|1|0|0|0
881|American Assassin|2017|18+|72/100|Drama||1|0|0|0
882|August: Osage County|2013|18+|72/100|Romance|Terror|1|0|0|0
883|Kuch Kuch Hota Hai|1998|all|72/100|Documental||1|0|0|0
884|Free State of Jones|2016|18+|72/100|Aventura|Comedia|1|0|0|0
885|Dark Skies|2013|16+|72/100|Drama|Misterio|1|0|0|0
886|Safe Haven|2013|13+|72/100|Comedia||1|0|0|0
887|Outlaw King|2018|18+|72/100|Documental||1|0|0|0
888|Turbo|2013|7+|72/100|Comedia||1|0|0|0
889|G.I. Joe: The Rise of Cobra|2009|13+|72/100|Accion|Crimen|1|0|0|0
890|Horns|2013|18+|72/100|Comedia|Crimen|1|0|0|0
891|Drishyam|2015|18+|72/100|Drama|Deporte|1|0|0|0
892|Triple Frontier|2019|18+|72/100|Romance|Terror|1|0|0|0
893|Hail, Caesar!|2016|13+|72/100|Comedia||1|0|0|0
894|The Ice Road|2021|13+|72/100|Documental||1|0|0|0
895|Monster House|2006|7+|72/100|Drama|Misterio|1|0|0|0
896|Freaks|2019|18+|72/100|Aventura|Comedia|1|0|0|0
897|Felon|2008|18+|72/100|Drama||1|0|0|0
898|Horse Girl|2020|18+|72/100|Accion|Aventura|1|0|0|0
899|Hillbilly Elegy|2020|18+|72/100|Crimen|Drama|1|0|0|0
900|American Ultra|2015|18+|72/100|Drama|Fantasia|1|0|0|0
901|First Match|2018|18+|72/100|Comedia|Romance|1|0|0|0
902|The Pelican Brief|1993|13+|72/100|Drama|Misterio|1|0|0|0
903|The Tourist|2010|13+|72/100|Comedia||1|0|0|0
904|The Dawn Wall|2017|16+|72/100|Aventura|Comedia|1|0|0|0
905|I'm Thinking of Ending Things|2020|18+|71/100|Documental||1|0|0|0
906|Shutter|2004|18+|71/100|Drama||1|0|0|0
907|Surf's Up|2007|7+|71/100|Romance|Ciencia Ficcion|1|0|1|0
908|The Twilight Saga: Breaking Dawn - Part 2|2012|13+|71/100|Drama||1|0|0|0
909|Jagga Jasoos|2017|7+|71/100|Accion|Aventura|1|0|0|0
910|My Best Friend's Wedding|1997|13+|71/100|Accion|Aventura|1|0|0|0
911|Bee Movie|2007|7+|71/100|Comedia|Crimen|1|0|0|0
912|Seoul Searching|2015|18+|71/100|Drama|Fantasia|1|0|0|0
913|Before I Fall|2017|13+|71/100|Drama|Fantasia|1|0|0|0
914|After|2019|13+|71/100|Drama|Romance|1|0|0|0
915|As Above, So Below|2014|18+|71/100|Terror||1|0|0|0
916|Bo Burnham: What.|2013|18+|71/100|Comedia||1|0|0|0
917|Velvet Buzzsaw|2019|18+|71/100|Comedia|Crimen|1|0|0|0
918|Savages|2012|18+|71/100|Crimen|Misterio|1|0|0|0
919|Jupiter Ascending|2015|13+|71/100|Ciencia Ficcion|Accion|1|0|0|0
920|Spectral|2016|13+|71/100|Ciencia Ficcion|Accion|1|0|0|0
921|Resident Evil: Afterlife|2010|18+|71/100|Accion|Terror|1|1|0|0
922|Accepted|2006|13+|71/100|Comedia||1|0|0|0
923|Live Twice, Love Once|2019|18+|71/100|Drama||1|0|0|0
924|Iliza Shlesinger: Elder Millennial|2018|18+|71/100|Comedia||1|0|0|0
925|Zindagi Na Milegi Dobara|2011|7+|71/100|Comedia|Crimen|1|0|0|0
926|Free Fire|2017|18+|71/100|Comedia|Drama|1|0|0|0
927|Soorma|2018|13+|71/100|Comedia|Crimen|1|0|0|0
928|The Zookeeper's Wife|2017|13+|71/100|Accion|Drama|1|0|0|0
929|Time Share|2018|18+|71/100|Biografia|Comedia|1|0|0|0
930|The Outpost|2019|18+|71/100|Comedia|Crimen|1|0|0|0
931|Jerry Seinfeld: 23 Hours to Kill|2020|7+|71/100|Accion|Aventura|1|0|0|0
932|Ip Man 4: The Finale|2019|16+|71/100|Drama||1|0|0|0
933|The Laundromat|2019|18+|71/100|Comedia||1|0|0|0
934|Bad Trip|2020|18+|71/100|Ciencia Ficcion|Accion|1|0|0|0
935|Mr. Peabody & Sherman|2014|7+|71/100|Accion|Aventura|1|0|0|0
936|Ip Man 3|2015|13+|71/100|Comedia||1|0|0|0
937|Rang De Basanti|2006|13+|71/100|Documental||1|0|0|0
938|The Midnight Sky|2020|13+|71/100|Drama||1|0|0|0
939|Mr. Right|2016|18+|71/100|Comedia||1|0|0|0
940|Synchronic|2020|18+|71/100|Accion|Aventura|1|0|0|0
941|Adrift|2018|13+|70/100|Drama|Terror|1|0|0|0
942|Da 5 Bloods|2020|18+|70/100|Biografia|Comedia|1|0|0|0
943|The American|2010|18+|70/100|Drama|Romance|1|0|1|0
944|The Best of Enemies|2019|13+|70/100|Comedia||1|0|0|0
945|Forgotten|2017|18+|70/100|Comedia|Crimen|1|0|1|0
946|I Don't Feel at Home in This World Anymore|2017|18+|70/100|Comedia|Drama|1|0|0|0
947|Lupin the Third: The Castle of Cagliostro|1979|7+|70/100|Documental||1|0|0|0
948|Never Back Down|2008|13+|70/100|Terror||1|0|0|0
949|Fear Street: 1666|2021|18+|70/100|Crimen|Drama|1|0|0|0
950|Zathura: A Space Adventure|2005|7+|70/100|Accion|Crimen|1|0|0|0
951|Faith, Hope & Love|2019|7+|70/100|Comedia||1|0|0|0
952|2 States|2014|7+|70/100|Comedia|Romance|1|0|0|0
953|May the Devil Take You|2018|18+|70/100|Ciencia Ficcion|Terror|1|0|0|0
954|Double Jeopardy|1999|18+|70/100|Terror||1|0|0|0
955|Ava|2020|18+|70/100|Documental||1|0|0|0
956|Barfi!|2012|all|70/100|Comedia||1|0|0|0
957|Everybody's Fine|2009|13+|70/100|Drama||1|0|0|0
958|Monty Python Live at the Hollywood Bowl|1982|18+|70/100|Documental||1|0|0|0
959|Parker|2013|18+|70/100|Ciencia Ficcion|Misterio|1|0|0|0
960|The Karate Kid Part II|1986|7+|70/100|Terror||1|0|0|0
961|Under Siege|1992|18+|70/100|Drama||1|0|0|0
962|Brain on Fire|2017|13+|70/100|Drama||1|0|0|0
963|The Butterfly's Dream|2013|13+|70/100|Comedia|Crimen|1|0|0|0
964|The Wrong Missy|2020|18+|70/100|Comedia|Misterio|1|0|0|0
965|Battle: Los Angeles|2011|13+|70/100|Documental||1|0|0|0
966|Pari|2018|13+|70/100|Documental||1|0|1|0
967|The Beguiled|2017|18+|70/100|Documental||1|0|0|0
968|Batman: The Killing Joke|2016|18+|70/100|Comedia||1|0|0|0
969|Sex Drive|2008|18+|70/100|Ciencia Ficcion|Crimen|1|0|0|0
970|Underdogs|2013|7+|70/100|Drama|Romance|1|0|1|0
971|The Little Rascals|1994|7+|70/100|Drama|Terror|1|0|0|0
972|Fun with Dick and Jane|2005|13+|70/100|Documental||1|0|1|0
973|Ballerina|2016|7+|70/100|Comedia|Crimen|1|0|0|0
974|Hasan Minhaj: Homecoming King|2017|18+|70/100|Documental||1|0|0|0
975|An Easy Girl|2019|18+|70/100|Drama|Misterio|1|0|0|0
976|Highway|2014|13+|70/100|Comedia|Crimen|1|0|1|0
977|The Book of Henry|2017|13+|70/100|Ciencia Ficcion|Terror|1|0|0|0
978|The Clovehitch Killer|2018|13+|70/100|Accion|Aventura|1|1|0|0
979|Stuart Little|1999|7+|70/100|Comedia|Familia|1|0|0|0
980|Starsky & Hutch|2004|13+|70/100|Comedia||1|0|0|0
981|Loving|2016|13+|70/100|Drama||1|0|0|0
982|Haider|2014|13+|70/100|Documental||1|0|0|0
983|The Twilight Saga: Eclipse|2010|13+|70/100|Documental||1|0|0|0
984|Triple 9|2016|18+|70/100|Comedia|Crimen|1|0|0|0
985|Spanglish|2004|13+|70/100|Ciencia Ficcion|Terror|1|0|0|0
986|The Spiderwick Chronicles|2008|7+|70/100|Drama||1|0|0|0
987|Kahaani|2012|16+|69/100|Comedia||1|0|0|0
988|Lady J|2018|16+|69/100|Documental||1|0|0|0
989|The Interpreter|2005|13+|69/100|Accion|Crimen|1|0|0|0
990|Frankenstein's Monster's Monster, Frankenstein|2019|16+|69/100|Accion|Crimen|1|0|0|0
991|Not Another Teen Movie|2001|16+|69/100|Accion|Terror|1|0|1|0
992|The Cloverfield Paradox|2018|13+|69/100|Comedia||1|0|0|0
993|Disclosure|2020|18+|69/100|Accion|Crimen|1|0|0|0
994|Dead Man Down|2013|18+|69/100|Romance|Drama|1|0|0|0
995|Kill the Irishman|2011|18+|69/100|Crimen|Drama|1|0|0|0
996|Set It Up|2018|16+|69/100|Romance|Comedia|1|0|0|0
997|Case 39|2009|18+|69/100|Terror|Fantasia|1|0|1|0
998|Outside the Wire|2021|18+|69/100|Ciencia Ficcion|Accion|1|0|0|0
999|Project Power|2020|18+|69/100|Ciencia Ficcion|Accion|1|0|0|0
1000|High Strung Free Dance|2018|7+|69/100|Romance|Musical|1|0|0|0
1001|The Twilight Saga: Breaking Dawn - Part 1|2011|13+|69/100|Fantasia||1|0|0|0
1002|6 Balloons|2018|18+|69/100|Drama||1|0|0|0
1003|Amanda Knox|2016|18+|69/100|Documental||1|0|0|0
1004|At Eternity's Gate|2018|13+|69/100|Biografia|Drama|1|0|0|0
1005|Anon|2018|18+|69/100|Ciencia Ficcion|Terror|1|0|0|0
1006|3 Days to Kill|2014|13+|69/100|Ciencia Ficcion|Terror|1|0|0|0
1007|To the Bone|2017|18+|69/100|Drama||1|0|0|0
1008|Trollhunters: Rise of the Titans|2021|7+|69/100|Aventura|Comedia|1|0|0|0
1009|Mowgli: Legend of the Jungle|2018|13+|69/100|Aventura|Accion|1|0|0|0
1010|Mother's Day|2016|13+|69/100|Drama||1|0|1|0
1011|Mortal Kombat|1995|13+|69/100|Ciencia Ficcion|Terror|1|0|0|0
1012|Creep|2014|18+|69/100|Drama||1|0|1|0
1013|Death to 2020|2020|18+|69/100|Ciencia Ficcion|Terror|1|0|0|0
1014|Operation Finale|2018|13+|69/100|Biografia|Comedia|1|0|0|0
1015|Suffragette|2015|13+|69/100|Documental||1|0|0|0
1016|Wildlife|2018|13+|69/100|Drama||1|0|0|0
1017|War Machine|2017|18+|69/100|Drama||1|0|0|0
1018|Kill the Messenger|2014|18+|69/100|Biografia|Accion|1|0|0|0
1019|If Anything Happens I Love You|2020|7+|69/100|Drama||1|0|0|0
1020|Nobody Speak: Trials of the Free Press|2017|16+|69/100|Drama||1|0|0|0
1021|Sand Castle|2017|18+|69/100|Biografia|Comedia|1|0|0|0
1022|The Forest of Love|2019|18+|69/100|Ciencia Ficcion|Misterio|1|0|0|0
1023|Kabhi Alvida Naa Kehna|2006|18+|69/100|Ciencia Ficcion||1|0|0|0
1024|Fatherhood|2021|13+|69/100|Drama|Musical|1|0|0|0
1025|Our Idiot Brother|2011|18+|69/100|Comedia||1|0|0|0
1026|Takers|2010|13+|68/100|Documental||1|0|1|0
1027|Udaan|2010|18+|68/100|Biografia||1|0|0|0
1028|Under the Shadow|2016|13+|68/100|Ciencia Ficcion|Accion|1|0|0|0
1029|Nacho Libre|2006|7+|68/100|Documental||1|0|0|0
1030|Ninja Assassin|2009|18+|68/100|Documental||1|0|0|0
1031|The Twilight Saga: New Moon|2009|13+|68/100|Drama||1|0|0|0
1032|Rocks|2020|18+|68/100|Drama||1|0|0|0
1033|Step Up Revolution|2012|13+|68/100|Documental||1|1|0|0
1034|Giving Voice|2020|13+|68/100|Drama||1|0|0|0
1035|Like Father|2018|18+|68/100|Comedia||1|0|0|0
1036|Eddie Murphy Raw|1987|18+|68/100|Ciencia Ficcion||1|0|0|0
1037|Berserk: The Golden Age Arc III - The Advent|2013|18+|68/100|Drama||1|0|0|0
1038|Aval|2017|13+|68/100|Drama||1|0|0|0
1039|The Promise|2016|13+|68/100|Drama||1|0|0|0
1040|Prospect|2018|18+|68/100|Documental||1|0|0|0
1041|Bad Genius|2017|13+|68/100|Drama||1|0|0|0
1042|Burning Sands|2017|18+|68/100|Drama||1|0|0|0
1043|Ludo|2020|13+|68/100|Comedia|Drama|1|0|0|0
1044|Eat Pray Love|2010|13+|68/100|Biografia|Comedia|1|0|0|0
1045|Rolling Thunder Revue: A Bob Dylan Story by Martin Scorsese|2019|18+|68/100|Comedia||1|0|0|0
1046|Dovlatov|2018|13+|68/100|Drama||1|0|0|0
1047|Lakshya|2004|all|68/100|Documental||1|0|0|0
1048|American Murder: The Family Next Door|2020|18+|68/100|Comedia|Drama|1|0|0|0
1049|Jab We Met|2007|13+|68/100|Documental||1|0|1|0
1050|John Mulaney: The Comeback Kid|2015|7+|68/100|Comedia||1|0|0|0
1051|Apostle|2018|18+|68/100|Comedia|Romance|1|0|0|0
1052|After We Collided|2020|18+|68/100|Drama||1|0|0|0
1053|Mystic Pizza|1988|16+|68/100|Documental||1|1|0|0
1054|Middle Men|2009|18+|68/100|Documental||1|0|0|0
1055|To All the Boys: P.S. I Still Love You|2020|16+|68/100|Comedia|Drama|1|0|0|0
1056|Someone Great|2019|18+|68/100|Drama||1|0|0|0
1057|Time Trap|2017|18+|68/100|Drama||1|0|0|0
1058|In This Corner of the World|2016|13+|68/100|Drama||1|0|0|0
1059|C/o Kancharapalem|2018|7+|68/100|Comedia|Romance|1|0|0|0
1060|The Package|2018|18+|67/100|Drama||1|0|0|0
1061|Tau|2018|18+|67/100|Documental||1|0|0|0
1062|Your Highness|2011|18+|67/100|Ciencia Ficcion||1|0|1|0
1063|Alexander|2004|18+|67/100|Comedia||1|0|0|0
1064|Bill Burr: I'm Sorry You Feel That Way|2014|18+|67/100|Drama||1|0|0|0
1065|Berserk: The Golden Age Arc I - The Egg of the King|2012|18+|67/100|Comedia||1|0|0|0
1066|All the Bright Places|2020|18+|67/100|Romance|Drama|1|0|0|0
1067|Streets of Fire|1984|7+|67/100|Drama||1|0|0|0
1068|Sleepless|2017|18+|67/100|Documental||1|0|0|0
1069|Struggle: The Life and Lost Art of Szukalski|2018|18+|67/100|Drama||1|0|0|0
1070|Seaspiracy|2021|18+|67/100|Comedia|Drama|1|0|0|0
1071|Wish I Was Here|2014|18+|67/100|Comedia||1|0|0|0
1072|Moxie|2021|13+|67/100|Drama||1|0|0|0
1073|18 Presents|2020|18+|67/100|Drama||1|0|0|0
1074|Oxygen|2021|18+|67/100|Biografia|Comedia|1|0|0|0
1075|Private Life|2018|18+|67/100|Comedia||1|0|0|0
1076|The Grandmaster|2013|13+|67/100|Ciencia Ficcion|Accion|1|0|0|0
1077|Home Again|2017|13+|67/100|Comedia||1|0|0|0
1078|Athlete A|2020|13+|67/100|Documental||1|0|0|0
1079|The Fourth Kind|2009|13+|67/100|Ciencia Ficcion|Misterio|1|0|0|0
1080|Bastille Day|2016|18+|67/100|Accion|Crimen|1|0|0|0
1081|The Whole Truth|2016|18+|67/100|Crimen|Misterio|1|0|0|0
1082|Ibiza|2018|18+|67/100|Comedia||1|0|0|0
1083|Sabotage|2014|18+|67/100|Accion|Terror|1|0|0|0
1084|Penguin Bloom|2021|13+|67/100|Biografia||1|0|0|0
1085|Kingsglaive: Final Fantasy XV|2016|13+|67/100|Drama||1|0|0|0
1086|Mirai|2018|7+|67/100|Aventura|Fantasia|1|0|0|0
1087|Child's Play 2|1990|18+|67/100|Aventura|Comedia|1|0|0|0
1088|World Trade Center|2006|13+|67/100|Drama||1|0|1|0
1089|OMG: Oh My God!|2012|all|67/100|Comedia|Drama|1|0|0|0
1090|A Private War|2018|18+|67/100|Biografia|Drama|1|0|0|0
1091|Get on Up|2014|13+|67/100|Biografia|Musical|1|0|0|0
1092|The Possession|2012|13+|67/100|Terror||1|0|0|0
1093|The Angry Birds Movie 2|2019|7+|67/100|Aventura|Comedia|1|0|0|0
1094|Stowaway|2021|18+|67/100|Ciencia Ficcion|Terror|1|0|0|0
1095|Bill Burr: You People Are All The Same|2012|18+|67/100|Comedia||1|0|0|0
1096|Bombay Talkies|2013|13+|67/100|Comedia|Familia|1|0|0|0
1097|Vampire Academy|2014|13+|67/100|Ciencia Ficcion|Fantasia|1|0|0|0
1098|Brick Mansions|2014|13+|67/100|Documental||1|0|0|0
1099|Kingdom: Ashin of the North|2021|18+|67/100|Accion|Misterio|1|0|0|0
1100|Andaz Apna Apna|1994|7+|67/100|Biografia|Crimen|1|0|0|0
1101|Blue Miracle|2021|7+|67/100|Comedia|Crimen|1|0|0|0
1102|Small Town Crime|2018|18+|67/100|Accion|Aventura|1|0|0|0
1103|First They Killed My Father|2017|18+|67/100|Comedia|Crimen|1|0|0|0
1104|Rising Phoenix|2020|13+|67/100|Comedia|Crimen|1|0|0|0
1105|The Wolf's Call|2019|16+|67/100|Comedia|Crimen|1|0|0|0
1106|Paan Singh Tomar|2012|7+|67/100|Misterio|Terror|1|0|0|0
1107|Seventh Son|2015|13+|67/100|Comedia||1|0|0|0
1108|The Death of Mr. Lazarescu|2005|18+|67/100|Drama||1|0|0|0
1109|The Occupant|2020|18+|67/100|Crimen|Drama|1|0|0|0
1110|The Body Remembers When the World Broke Open|2019|18+|67/100|Ciencia Ficcion|Accion|1|0|0|0
1111|The Woman in the Window|2021|18+|67/100|Comedia|Musical|1|0|0|0
1112|Berlin Syndrome|2017|18+|67/100|Drama||1|0|0|0
1113|The Runaways|2010|18+|67/100|Aventura|Comedia|1|0|0|0
1114|Kodachrome|2017|18+|67/100|Comedia|Crimen|1|0|0|0
1115|Croupier|1998|18+|67/100|Comedia||1|0|0|0
1116|The Smurfs|2011|7+|67/100|Aventura|Comedia|1|0|0|0
1117|Creep 2|2017|18+|67/100|Comedia||1|0|0|0
1118|Mandela: Long Walk to Freedom|2013|13+|66/100|Comedia|Drama|1|0|0|0
1119|The Square|2013|16+|66/100|Comedia|Musical|1|0|0|0
1120|Jerry Seinfeld: I'm Telling You for the Last Time|1998|all|66/100|Drama||1|0|0|0
1121|Roxanne, Roxanne|2017|18+|66/100|Terror|Fantasia|1|0|0|0
1122|Dear Zindagi|2016|13+|66/100|Ciencia Ficcion|Romance|1|0|0|0
1123|Good on Paper|2021|18+|66/100|Comedia|Musical|1|0|0|0
1124|Ophelia|2019|13+|66/100|Comedia||1|0|0|0
1125|Black Sea|2014|18+|66/100|Comedia||1|0|0|0
1126|Girl|2018|18+|66/100|Comedia|Crimen|1|1|0|0
1127|Irreplaceable You|2018|18+|66/100|Documental||1|0|0|0
1128|The Do-Over|2016|18+|66/100|Ciencia Ficcion||1|0|0|0
1129|Metallica: Some Kind of Monster|2004|18+|66/100|Documental||1|0|0|0
1130|Handsome Devil|2017|18+|66/100|Drama||1|0|0|0
1131|Unfriended|2015|18+|66/100|Comedia||1|0|0|0
1132|Yes Day|2021|7+|66/100|Documental||1|0|0|0
1133|Blood Red Sky|2021|18+|66/100|Documental||1|0|0|0
1134|The Bleeding Edge|2018|16+|66/100|Comedia|Drama|1|0|0|0
1135|Berserk: The Golden Age Arc II - The Battle for Doldrey|2012|18+|66/100|Ciencia Ficcion|Misterio|1|0|0|0
1136|Kevin Hart: Irresponsible|2019|18+|66/100|Romance||1|0|0|0
1137|In the Tall Grass|2019|18+|66/100|Comedia||1|0|0|0
1138|Wadjda|2012|7+|66/100|Comedia|Familia|1|0|0|0
1139|Ferry|2021|18+|66/100|Documental||1|0|0|0
1140|The Heartbreak Kid|2007|18+|66/100|Terror||1|0|0|0
1141|Fools Rush In|1997|13+|66/100|Misterio||1|0|0|0
1142|Wild Child|2008|13+|66/100|Comedia|Crimen|1|0|0|0
1143|The Lovebirds|2020|18+|66/100|Ciencia Ficcion|Aventura|1|0|0|0
1144|Machete Kills|2013|18+|66/100|Documental||1|0|0|0
1145|Sergio|2020|18+|66/100|Comedia|Crimen|1|0|0|0
1146|The Last Letter From Your Lover|2021|18+|66/100|Documental||1|0|0|0
1147|Kursk|2018|13+|66/100|Accion|Comedia|1|0|0|0
1148|Then Came You|2019|13+|66/100|Romance||1|0|0|0
1149|Gantz:O|2016|18+|66/100|Documental||1|0|0|0
1150|Jenny Slate: Stage Fright|2019|18+|66/100|Drama||1|0|0|0
1151|Taylor Swift: Reputation Stadium Tour|2018|7+|66/100|Drama||1|0|0|0
1152|Jodhaa Akbar|2008|13+|66/100|Documental||1|0|0|0
1153|Red Joan|2018|18+|66/100|Misterio||1|0|0|0
1154|Amateur|2018|18+|66/100|Crimen|Drama|1|0|0|0
1155|What a Girl Wants|2003|7+|66/100|Comedia||1|0|0|0
1156|Quigley Down Under|1990|13+|66/100|Documental||1|0|0|0
1157|Cop Out|2010|18+|66/100|Drama||1|0|0|0
1158|Mindhorn|2016|18+|66/100|Documental||1|0|0|0
1159|Katt Williams: Great America|2018|18+|66/100|Drama||1|0|0|0
1160|Abduction|2011|13+|66/100|Documental||1|0|1|0
1161|High Flying Bird|2019|18+|66/100|Drama||1|0|0|0
1162|Life of Crime|2013|18+|66/100|Comedia|Misterio|1|0|0|0
1163|The Silence|2019|13+|65/100|Crimen|Misterio|1|0|0|0
1164|Sarah's Key|2010|13+|65/100|Crimen|Drama|1|0|0|0
1165|Abducted in Plain Sight|2018|all|65/100|Comedia|Crimen|1|0|0|0
1166|Winchester|2018|13+|65/100|Terror|Misterio|1|0|0|0
1167|Our Souls at Night|2017|16+|65/100|Documental||1|0|0|0
1168|The Karate Kid Part III|1989|7+|65/100|Comedia|Drama|1|0|0|0
1169|Haseen Dillruba|2021|18+|65/100|Documental||1|0|0|0
1170|Bride of Chucky|1998|18+|65/100|Drama||1|0|0|0
1171|Christine|2016|18+|65/100|Romance|Drama|1|1|0|0
1172|The Lonely Island Presents: The Unauthorized Bash Brothers Experience|2019|18+|65/100|Documental||1|0|0|0
1173|WHAT DID JACK DO?|2017|16+|65/100|Comedia|Misterio|1|0|0|0
1174|Deidra & Laney Rob a Train|2017|16+|65/100|Documental||1|0|0|0
1175|Close|2019|18+|65/100|Documental||1|0|0|0
1176|Congo|1995|13+|65/100|Terror|Misterio|1|0|0|0
1177|The Prom|2020|13+|65/100|Documental||1|0|0|0
1178|Naruto Shippuden the Movie|2007|13+|65/100|Drama||1|0|0|0
1179|The Bling Ring|2013|18+|65/100|Documental||1|0|0|0
1180|Greater|2016|7+|65/100|Drama||1|0|0|0
1181|Beats|2019|18+|65/100|Romance|Drama|1|0|1|0
1182|Lost Girls|2020|18+|65/100|Documental||1|0|0|0
1183|Don|2006|13+|65/100|Romance|Drama|1|0|0|0
1184|A Little Chaos|2015|18+|65/100|Comedia|Familia|1|0|0|0
1185|Dennis the Menace|1993|7+|65/100|Ciencia Ficcion|Accion|1|0|0|0
1186|Metallica: Through the Never|2013|18+|65/100|Accion|Crimen|1|0|0|0
1187|Xtreme|2021|18+|65/100|Drama||1|0|0|0
1188|Two Distant Strangers|2020|18+|65/100|Comedia||1|0|0|0
1189|Bert Kreischer: Secret Time|2018|18+|65/100|Comedia|Romance|1|0|0|0
1190|Breaking Boundaries: The Science of Our Planet|2021|7+|65/100|Comedia|Drama|1|0|0|0
1191|Yes, God, Yes|2019|18+|65/100|Comedia||1|0|0|0
1192|The Long Riders|1980|18+|65/100|Drama||1|0|1|0
1193|Shepherds and Butchers|2017|18+|65/100|Romance|Drama|1|0|0|0
1194|Big Miracle|2012|7+|65/100|Biografia|Drama|1|0|0|0
1195|Gunjan Saxena: The Kargil Girl|2020|16+|65/100|Crimen|Drama|1|0|0|0
1196|The Invisible Guardian|2017|16+|65/100|Terror||1|0|0|0
1197|Cop Car|2015|18+|65/100|Accion|Comedia|1|0|0|0
1198|Main Hoon Na|2004|7+|65/100|Documental|Suspenso|1|0|0|0
1199|Last Breath|2019|18+|65/100|Crimen|Suspenso|1|0|0|0
1200|The Stepfather|2009|13+|65/100|Comedia||1|1|1|0
1201|The Sweetest Thing|2002|18+|65/100|Romance|Suspenso|1|0|1|0
1202|Dil Se..|1998|13+|65/100|Accion|Aventura|1|0|0|0
1203|Thunder Force|2021|13+|65/100|Documental||1|0|0|0
1204|Otherhood|2019|18+|65/100|Ciencia Ficcion|Accion|1|0|0|0
1205|The Prince & Me|2004|7+|65/100|Biografia||1|0|1|0
1206|The Green Inferno|2015|18+|64/100|Aventura|Familia|1|0|0|0
1207|Fantastic Fungi|2019|16+|64/100|Drama||1|0|0|0
1208|West Beirut|1998|13+|64/100|Fantasia|Comedia|1|0|0|0
1209|He Never Died|2015|18+|64/100|Aventura|Comedia|1|0|0|0
1210|The Nut Job|2014|7+|64/100|Fantasia|Comedia|1|0|0|0
1211|Alex Strangelove|2018|18+|64/100|Accion|Aventura|1|0|0|0
1212|Naruto Shippuden the Movie: The Will of Fire|2009|13+|64/100|Documental|Musical|1|0|0|0
1213|Pihu|2018|all|64/100|Crimen|Drama|1|0|0|0
1214|American Me|1992|18+|64/100|Aventura|Familia|1|0|0|0
1215|Sinister 2|2015|18+|64/100|Comedia|Romance|1|0|0|0
1216|Black '47|2018|18+|64/100|Ciencia Ficcion|Suspenso|1|0|0|0
1217|Mute|2018|18+|64/100|Accion|Aventura|1|0|0|0
1218|Crouching Tiger, Hidden Dragon: Sword of Destiny|2016|13+|64/100|Drama||1|0|0|0
1219|The Ottoman Lieutenant|2017|18+|64/100|Accion|Crimen|1|0|0|0
1220|Teefa in Trouble|2018|13+|64/100|Comedia||1|0|0|0
1221|The Last Days|1998|13+|64/100|Drama||1|0|0|0
1222|Fred Claus|2007|7+|64/100|Crimen|Misterio|1|0|0|0
1223|Sierra Burgess Is a Loser|2018|13+|64/100|Drama||1|0|0|0
1224|Pariah|2011|18+|64/100|Documental||1|0|0|0
1225|Cam|2018|18+|64/100|Drama||1|0|0|0
1226|The Boys in the Band|2020|18+|64/100|Misterio|Romance|1|0|0|0
1227|The Tree of Blood|2018|18+|64/100|Drama||1|0|0|0
1228|Magic Carpet Ride|2005|13+|64/100|Comedia|Romance|1|0|0|0
1229|The Mirror Has Two Faces|1996|13+|64/100|Drama||1|0|0|0
1230|Come Sunday|2018|16+|64/100|Aventura|Comedia|1|0|0|0
1231|The Forty-Year-Old Version|2020|18+|64/100|Drama||1|0|0|0
1232|Eli|2019|18+|64/100|Crimen|Misterio|1|0|0|0
1233|Naruto the Movie: Ninja Clash in the Land of Snow|2004|16+|64/100|Documental||1|0|0|0
1234|Good Burger|1997|7+|64/100|Comedia||1|0|0|0
1235|Jimmy Neutron: Boy Genius|2001|all|64/100|Drama|Romance|1|0|0|0
1236|Nights in Rodanthe|2008|13+|64/100|Documental||1|0|0|0
1237|Dick Johnson Is Dead|2020|13+|64/100|Aventura|Comedia|1|0|0|0
1238|Maps to the Stars|2014|18+|64/100|Drama||1|0|0|0
1239|No Game No Life: Zero|2017|18+|64/100|Comedia||1|0|0|0
1240|Taylor Tomlinson: Quarter-Life Crisis|2020|16+|64/100|Accion|Drama|1|0|0|0
1241|All Day and a Night|2020|18+|64/100|Comedia|Romance|1|0|0|0
1242|The Happytime Murders|2018|18+|64/100|Comedia||1|0|0|0
1243|The Strangers: Prey at Night|2018|18+|64/100|Misterio|Suspenso|1|0|0|0
1244|Cradle 2 the Grave|2003|18+|64/100|Aventura|Comedia|1|0|0|0
1245|Rust Creek|2019|18+|64/100|Comedia||1|0|0|0
1246|The Smurfs 2|2013|7+|64/100|Drama|Romance|1|0|0|0
1247|Kicking and Screaming|1995|18+|64/100|Comedia|Familia|1|0|1|0
1248|Tamasha|2015|7+|64/100|Comedia|Romance|1|0|0|0
1249|The Meddler|2016|13+|64/100|Comedia|Romance|1|0|0|0
1250|Below Zero|2021|18+|64/100|Crimen|Terror|1|0|0|0
1251|The Rachel Divide|2018|18+|64/100|Documental||1|0|0|0
1252|Undefeated|2011|13+|64/100|Documental||1|0|0|0
1253|Lying and Stealing|2019|18+|64/100|Comedia|Crimen|1|0|0|0
1254|Richard Pryor: Live in Concert|1979|18+|64/100|Comedia|Romance|1|0|0|0
1255|Om Shanti Om|2007|7+|63/100|Comedia|Romance|1|0|0|0
1256|Year One|2009|13+|63/100|Comedia|Aventura|1|0|0|0
1257|Waiting for Superman|2010|7+|63/100|Documental||1|0|0|0
1258|Hop|2011|all|63/100|Aventura|Familia|1|0|0|0
1259|Coming Soon|2014|7+|63/100|Documental||1|0|0|0
1260|The Rugrats Movie|1998|all|63/100|Musical|Familia|1|0|0|0
1261|Mission Blue|2014|7+|63/100|Comedia|Romance|1|0|0|0
1262|Beverly Hills Ninja|1997|13+|63/100|Documental||1|0|0|0
1263|In a Valley of Violence|2016|18+|63/100|Aventura|Crimen|1|0|0|0
1264|The Motive|2017|18+|63/100|Terror|Suspenso|1|0|0|0
1265|Lust Stories|2018|13+|63/100|Comedia|Crimen|1|0|0|0
1266|Beyond Skyline|2017|18+|63/100|Comedia|Crimen|1|0|0|0
1267|Long Shot|2017|16+|63/100|Comedia|Romance|1|0|0|0
1268|Dev.D|2009|13+|63/100|Comedia|Drama|1|0|0|0
1269|Judd Apatow: The Return|2017|16+|63/100|Comedia|Romance|1|0|0|0
1270|Escape from Planet Earth|2012|7+|63/100|Documental||1|0|0|0
1271|Aziz Ansari: Live at Madison Square Garden|2015|18+|63/100|Comedia||1|0|0|0
1272|Yours, Mine & Ours|2005|7+|63/100|Comedia|Familia|1|0|1|0
1273|Bully|2011|13+|63/100|Comedia|Romance|1|0|0|0
1274|Sleight|2016|18+|63/100|Documental||1|0|0|0
1275|The Hummingbird Project|2019|18+|63/100|Comedia|Drama|1|0|0|0
1276|Game Over, Man!|2018|18+|63/100|Comedia|Romance|1|0|0|0
1277|Edge of Seventeen|1998|18+|63/100|Comedia|Crimen|1|0|0|0
1278|American Outlaws|2001|13+|63/100|Comedia|Romance|1|0|0|0
1279|Jim Jefferies: Bare|2014|18+|63/100|Comedia|Crimen|1|0|0|0
1280|Mary Magdalene|2018|18+|63/100|Comedia|Fantasia|1|0|0|0
1281|BLACKPINK: Light Up the Sky|2020|all|63/100|Accion|Aventura|1|0|0|0
1282|Madras Cafe|2013|13+|63/100|Comedia|Drama|1|0|0|0
1283|The Titan|2018|18+|63/100|Aventura|Familia|1|0|0|0
1284|Child's Play 3|1991|18+|63/100|Misterio|Suspenso|1|0|0|0
1285|Rugrats in Paris: The Movie|2000|all|63/100|Comedia|Familia|1|0|0|0
1286|Naruto Shippuden the Movie: Bonds|2008|16+|63/100|Comedia||1|0|0|0
1287|Heneral Luna|2015|18+|63/100|Drama||1|0|0|0
1288|I Am All Girls|2021|18+|63/100|Comedia||1|0|0|0
1289|Jagame Thandhiram|2021|18+|63/100|Documental||1|0|0|0
1290|Master Z: Ip Man Legacy|2019|13+|63/100|Aventura|Comedia|1|0|0|0
1291|Naruto Shippuden the Movie: Blood Prison|2011|13+|63/100|Comedia||1|0|0|0
1292|Bulbbul|2020|18+|63/100|Comedia|Romance|1|0|0|0
1293|Malcolm & Marie|2021|18+|63/100|Aventura|Comedia|1|0|0|0
1294|Fukrey|2013|13+|63/100|Comedia||1|0|0|0
1295|Furie|2019|18+|63/100|Comedia|Crimen|1|0|0|0
1296|Orbiter 9|2017|16+|63/100|Comedia|Crimen|1|0|0|0
1297|Black or White|2014|13+|63/100|Comedia|Crimen|1|0|0|0
1298|Everybody's Everything|2019|18+|63/100|Comedia|Romance|1|0|0|0
1299|The Darkest Hour|2011|13+|63/100|Comedia|Drama|1|0|0|0
1300|Ratchet & Clank|2016|7+|63/100|Comedia|Fantasia|1|0|0|0
1301|Rim of the World|2019|7+|63/100|Drama||1|0|0|0
1302|The Princess Switch|2018|7+|63/100|Aventura|Comedia|1|0|0|0
1303|Pyaar Ka Punchnama 2|2015|13+|63/100|Comedia||1|0|0|0
1304|Love Jones|1997|18+|63/100|Drama||1|0|0|0
1305|Kevin Hart: Seriously Funny|2010|18+|63/100|Comedia|Crimen|1|0|0|0
1306|Violet Evergarden: Eternity and the Auto Memory Doll|2019|7+|63/100|Terror|Misterio|1|0|0|0
1307|Little Monsters|1989|7+|63/100|Accion|Crimen|1|1|0|0
1308|Mucize|2015|18+|63/100|Comedia||1|0|0|0
1309|Playing for Keeps|2012|13+|62/100|Misterio|Suspenso|1|0|0|0
1310|Finding 'Ohana|2021|7+|62/100|Drama||1|0|0|0
1311|Three|2016|13+|62/100|Comedia||1|0|0|0
1312|Love Happens|2009|13+|62/100|Comedia||1|0|0|0
1313|The Wind|2019|18+|62/100|Misterio|Suspenso|1|0|0|0
1314|Feel the Beat|2020|all|62/100|Drama||1|0|0|0
1315|Hotel for Dogs|2009|7+|62/100|Comedia|Familia|1|0|0|0
1316|Silver Skates|2020|18+|62/100|Romance||1|0|0|0
1317|Elizabeth Harvest|2018|18+|62/100|Ciencia Ficcion|Terror|1|0|0|0
1318|Joseph: King of Dreams|2000|all|62/100|Aventura||1|0|0|0
1319|Choked: Paisa Bolta Hai|2020|16+|62/100|Terror||1|0|0|0
1320|Blame!|2017|13+|62/100|Ciencia Ficcion|Accion|1|0|0|0
1321|Ala Vaikunthapurramuloo|2020|13+|62/100|Accion|Drama|1|0|0|0
1322|The Operative|2019|18+|62/100|Terror||1|0|0|0
1323|Little Evil|2017|18+|62/100|Comedia|Terror|1|0|0|0
1324|Hannah Gadsby: Douglas|2020|18+|62/100|Comedia||1|0|0|0
1325|Sweetheart|2019|13+|62/100|Terror||1|0|0|0
1326|Delirium|2018|18+|62/100|Terror||1|0|0|0
1327|Herod's Law|1999|18+|62/100|Comedia||1|0|0|0
1328|Triple Threat|2019|18+|62/100|Crimen|Accion|1|0|0|0
1329|Kevin Hart: What Now?|2016|18+|62/100|Comedia||1|0|0|0
1330|Goon: Last of the Enforcers|2017|18+|62/100|Documental||1|0|0|0
1331|The Unknown Known|2013|13+|62/100|Terror||1|0|0|0
1332|The Paramedic|2020|18+|62/100|Drama|Accion|1|0|0|0
1333|Yuva|2004|7+|62/100|Comedia|Romance|1|0|0|0
1334|Sandy Wexler|2017|16+|62/100|Comedia|Drama|1|0|0|0
1335|Nothing to Hide|2018|18+|62/100|Documental||1|0|0|0
1336|Isi & Ossi|2020|18+|62/100|Comedia||1|0|0|0
1337|Naruto Shippuden the Movie: The Lost Tower|2010|7+|62/100|Fantasia|Aventura|1|0|0|0
1338|Trailer Park Boys: The Movie|2006|18+|62/100|Comedia|Romance|1|0|0|0
1339|The Ridiculous 6|2015|13+|62/100|Documental||1|0|0|0
1340|Sword of Trust|2019|18+|62/100|Comedia||1|0|0|0
1341|Bad Seeds|2018|18+|62/100|Comedia|Crimen|1|0|0|0
1342|Wildling|2018|18+|62/100|Ciencia Ficcion|Accion|1|0|0|0
1343|2 Hearts|2020|13+|62/100|Comedia||1|0|0|0
1344|The Night Clerk|2020|18+|62/100|Documental||1|0|0|0
1345|Kevin Hart: I'm a Grown Little Man|2009|18+|62/100|Aventura|Comedia|1|0|0|0
1346|Work It|2020|16+|62/100|Documental|Crimen|1|0|0|0
1347|Domestic Disturbance|2001|13+|62/100|Comedia|Drama|1|0|0|0
1348|Gimme Shelter|2013|13+|62/100|Comedia|Crimen|1|0|0|0
1349|Toc Toc|2017|7+|62/100|Comedia||1|0|0|0
1350|Secret Magic Control Agency|2021|7+|62/100|Comedia|Crimen|1|0|0|0
1351|The Three Deaths of Marisela Escobedo|2020|18+|62/100|Terror||1|0|0|0
1352|Message from the King|2016|18+|62/100|Comedia|Crimen|1|0|0|0
1353|Nayattu|2021|18+|61/100|Comedia|Romance|1|0|0|0
1354|Demonic|2015|18+|61/100|Fantasia|Familia|1|0|0|0
1355|Wine Country|2019|18+|61/100|Aventura|Comedia|1|0|0|0
1356|The Last Summer|2019|16+|61/100|Drama||1|0|0|0
1357|Jeff Dunham: Arguing with Myself|2006|13+|61/100|Comedia|Crimen|1|0|1|0
1358|Initial D|2005|7+|61/100|Terror|Misterio|1|0|0|0
1359|Audrey|2020|16+|61/100|Aventura|Comedia|1|0|0|0
1360|I'm No Longer Here|2019|18+|61/100|Drama||1|0|0|0
1361|The Other Side of the Wind|2018|18+|61/100|Drama|Romance|1|0|0|0
1362|Modest Heroes|2018|7+|61/100|Comedia||1|0|0|0
1363|Bennett's War|2019|13+|61/100|Misterio|Terror|1|0|0|0
1364|Seed of Chucky|2004|18+|61/100|Aventura|Comedia|1|0|0|0
1365|Welcome Home|2018|18+|61/100|Drama||1|0|0|0
1366|1BR|2020|16+|61/100|Misterio|Terror|1|0|0|0
1367|Katt Williams: The Pimp Chronicles Pt. 1|2006|18+|61/100|Documental|Comedia|1|0|0|0
1368|The Last Blockbuster|2020|16+|61/100|Documental||1|0|0|0
1369|Acts of Vengeance|2017|18+|61/100|Accion|Drama|1|0|0|0
1370|Mandela|2021|16+|61/100|Biografia||1|0|0|0
1371|Calm with Horses|2020|18+|61/100|Crimen|Drama|1|0|0|0
1372|A Haunted House 2|2014|18+|61/100|Comedia|Fantasia|1|0|0|0
1373|Giant|2017|13+|61/100|Drama||1|0|0|0
1374|Guzaarish|2010|7+|61/100|Romance||1|0|0|0
1375|The Seventh Day|2021|18+|61/100|Terror||1|0|0|0
1376|Chris Rock: Tamborine|2018|18+|61/100|Comedia||1|0|0|0
1377|6 Bullets|2012|18+|61/100|Accion|Crimen|1|0|0|0
1378|Shimmer Lake|2017|18+|61/100|Crimen|Misterio|1|0|0|0
1379|Altered Carbon: Resleeved|2020|18+|61/100|Ciencia Ficcion|Accion|1|0|0|0
1380|The International|2006|13+|61/100|Accion|Crimen|1|0|1|0
1381|The Last Airbender|2010|7+|61/100|Accion|Aventura|1|0|0|0
1382|Things Heard & Seen|2021|18+|61/100|Drama|Terror|1|0|0|0
1383|Fighting|2009|13+|61/100|Accion|Crimen|1|0|0|0
